,count,mean,std,min,25%,50%,75%,max,coef_var,skew,kurtosis
octane,60.0,87.17750000000001,1.530077681643781,83.4,85.875,87.75,88.45,89.6,0.01755129112034391,-0.6273157898984482,-0.8356813430544716
NIR.900 nm,60.0,-0.05282696666666666,0.004495289312032103,-0.062839,-0.0557735,-0.053543499999999994,-0.050083,-0.041806,-0.08509459459213262,0.27487270252585955,-0.006209622493700717
NIR.902 nm,60.0,-0.04743543333333334,0.004368143558540928,-0.056232,-0.0505365,-0.047905,-0.044274999999999995,-0.036621,-0.09208608948179231,0.25983455125760846,-0.060912899117163466
NIR.904 nm,60.0,-0.04358503333333333,0.004437645898166518,-0.053075,-0.04637875,-0.0439305,-0.04059125,-0.03243,-0.10181581976152025,0.236458791549166,0.025089864808700124
NIR.906 nm,60.0,-0.03918416666666667,0.0046334749055719476,-0.048156,-0.042071250000000004,-0.0400645,-0.03630825,-0.026807,-0.11824865244648851,0.41726823005866603,0.11380370650047933
NIR.908 nm,60.0,-0.03473640000000001,0.004597715892756802,-0.044493,-0.0373995,-0.035583000000000004,-0.032077999999999995,-0.021276,-0.13236017240579914,0.4929851866964105,0.6214443309162605
NIR.910 nm,60.0,-0.03241,0.0047711657176296805,-0.041965,-0.03535125,-0.0336575,-0.02957725,-0.018356,-0.14721276512279174,0.525606720902283,0.5239561740866816
NIR.912 nm,60.0,-0.03083124999999999,0.004755479453719231,-0.040467,-0.03388625,-0.031445,-0.02838425,-0.016116,-0.1542421878360181,0.6392913409064648,0.8659239165628159
NIR.914 nm,60.0,-0.033576166666666664,0.004819000551020352,-0.043202,-0.03659325,-0.034728499999999995,-0.03051475,-0.01968,-0.14352444097808523,0.47496972083012934,0.35677772492231075
NIR.916 nm,60.0,-0.03674208333333332,0.004550886992297948,-0.046477,-0.0394245,-0.0374385,-0.03406025,-0.024589,-0.12386034158736099,0.2633423930247737,0.2993146615464495
NIR.918 nm,60.0,-0.03975928333333333,0.0044089450757605776,-0.049311,-0.042737,-0.040417999999999996,-0.03640525,-0.029472,-0.11089095944705352,0.10496119676514165,-0.17199279738289386
NIR.920 nm,60.0,-0.04369881666666666,0.004310410517598758,-0.053121,-0.0462765,-0.044046,-0.04101775,-0.034026,-0.09863906728821624,0.015281967680702628,-0.11396588990070589
NIR.922 nm,60.0,-0.04713623333333334,0.004379274869805586,-0.057098,-0.049672,-0.047236,-0.04489825,-0.037434,-0.09290676322897216,-0.10946726160361404,0.02204238710687445
NIR.924 nm,60.0,-0.0517935,0.004432838848214233,-0.062088,-0.05447675,-0.0517165,-0.04934525,-0.041974,-0.08558677919457525,-0.09587091694953158,-0.046418214809271774
NIR.926 nm,60.0,-0.052985666666666674,0.004293496685140299,-0.062803,-0.055684,-0.0530335,-0.050592,-0.043457,-0.08103128553898786,-0.0607590671360967,-0.15071115288463188
NIR.928 nm,60.0,-0.05523884999999999,0.004263352098139664,-0.065006,-0.05783275,-0.0552095,-0.05281775,-0.045809,-0.07718031961454057,-0.08846777465819021,-0.13046637214389323
NIR.930 nm,60.0,-0.05839763333333333,0.0041345472564501195,-0.06786,-0.06084375,-0.0584035,-0.0560445,-0.049081,-0.0707999112369871,-0.006527686732119717,-0.2394499966688186
NIR.932 nm,60.0,-0.059644550000000005,0.0040763387046154256,-0.068047,-0.061987,-0.0597,-0.0571245,-0.050514,-0.06834385882055319,-0.010370901617621758,-0.3323284032888689
NIR.934 nm,60.0,-0.061347799999999994,0.0040972656479450415,-0.070023,-0.06386,-0.0615295,-0.0588485,-0.052234,-0.06678749112348026,0.047700043896888804,-0.3644136794638735
NIR.936 nm,60.0,-0.062488899999999986,0.0040917937498761376,-0.07097,-0.06502625,-0.062763,-0.05976175,-0.053224,-0.06548032930450269,0.07216052238665567,-0.3851081743397451
NIR.938 nm,60.0,-0.06468293333333333,0.003990571620693833,-0.072982,-0.06716775,-0.065083,-0.06184225,-0.055325,-0.06169435143160638,0.08937559020379415,-0.38340322493616075
NIR.940 nm,60.0,-0.06567423333333335,0.003986416671252035,-0.073707,-0.0682975,-0.066179,-0.06289,-0.056448,-0.06069985851252725,0.09138129422602971,-0.3778336577281105
NIR.942 nm,60.0,-0.0670428,0.003984230061085958,-0.075699,-0.069762,-0.067604,-0.06424975,-0.057831,-0.05942815725306757,0.10606680409622452,-0.35359721708070424
NIR.944 nm,60.0,-0.06798808333333334,0.0039100582391590815,-0.07601,-0.07068225,-0.0684995,-0.06502575,-0.058563,-0.057510934967658515,0.12307778033031257,-0.33559859272308046
NIR.946 nm,60.0,-0.06971048333333334,0.003959846438092875,-0.07806,-0.07241125,-0.070144,-0.066756,-0.060483,-0.056804174189384826,0.08145728935016185,-0.4596601128651665
NIR.948 nm,60.0,-0.07052708333333332,0.004036346448702688,-0.078758,-0.0732555,-0.0709225,-0.067429,-0.061328,-0.05723115515249138,0.04385520726193156,-0.5311040730523655
NIR.950 nm,60.0,-0.07191061666666666,0.003946684878291029,-0.080164,-0.0747445,-0.072163,-0.06910849999999999,-0.062596,-0.05488320169169776,0.10839338067171896,-0.45990205793455674
NIR.952 nm,60.0,-0.07287623333333332,0.0038434677904851987,-0.080958,-0.07575975,-0.0731705,-0.06988825,-0.063463,-0.05273966030743264,0.14005107492299737,-0.5636085252185112
NIR.954 nm,60.0,-0.07305806666666669,0.003890850997790285,-0.081035,-0.07576375,-0.0734505,-0.07019475,-0.064127,-0.05325696634627092,0.08347316075885873,-0.6504494514344437
NIR.956 nm,60.0,-0.07485558333333332,0.003889458466474398,-0.082856,-0.07749525,-0.07521449999999999,-0.071919,-0.066013,-0.05195949711799808,0.10361704560099948,-0.6461397090227536
NIR.958 nm,60.0,-0.07479918333333332,0.003908437710735654,-0.082576,-0.07770275,-0.0751235,-0.07201675,-0.065737,-0.052252411544631235,0.12615476504010245,-0.6553033156100123
NIR.960 nm,60.0,-0.07507696666666668,0.0038476998234105333,-0.083017,-0.0780015,-0.075268,-0.072213,-0.065987,-0.051250070351055735,0.15524214340125375,-0.6600360211760035
NIR.962 nm,60.0,-0.07515345000000001,0.0038987864666729147,-0.082745,-0.0779475,-0.0753485,-0.07206625,-0.066478,-0.05187767782680521,0.0935206756493251,-0.7028471372046128
NIR.964 nm,60.0,-0.07491166666666667,0.003889669153577691,-0.082797,-0.07787325,-0.0752865,-0.072143,-0.06606,-0.05192340961903163,0.16576365012689326,-0.6125090043706725
NIR.966 nm,60.0,-0.07440631666666667,0.003927598578385761,-0.082355,-0.07725825,-0.0745995,-0.07144925,-0.065598,-0.052785821880970606,0.12527036703322583,-0.5957686310538004
NIR.968 nm,60.0,-0.074424,0.003919073766394386,-0.082227,-0.07731825,-0.074758,-0.07139825,-0.065484,-0.052658735977566186,0.2054594639238144,-0.516528207595127
NIR.970 nm,60.0,-0.07448255000000001,0.0038660773376264054,-0.081972,-0.07736325000000001,-0.074669,-0.07174775,-0.065335,-0.05190581334321133,0.24663647591772064,-0.5336559913398098
NIR.972 nm,60.0,-0.0740042,0.003917345684715521,-0.082198,-0.076903,-0.07416049999999999,-0.07119575,-0.064051,-0.05293409947969873,0.21687825231078756,-0.24455771518512082
NIR.974 nm,60.0,-0.07410581666666669,0.003965270300879821,-0.08173,-0.07695525,-0.074188,-0.071199,-0.063666,-0.053508219452136845,0.26221526506094556,-0.3059011177093227
NIR.976 nm,60.0,-0.07358058333333332,0.003984273279935632,-0.081676,-0.0766385,-0.073894,-0.07083400000000001,-0.062513,-0.05414843290771636,0.3365121390307679,-0.08462521060635364
NIR.978 nm,60.0,-0.0738273,0.004001489338411853,-0.081344,-0.07683075,-0.074085,-0.071105,-0.061955,-0.0542006729002937,0.4052055583427275,0.10906091369663562
NIR.980 nm,60.0,-0.07394405,0.004141887809269618,-0.082231,-0.07718375000000001,-0.0741605,-0.071018,-0.060906,-0.056013807862425956,0.46552043477638655,0.42370564705777136
NIR.982 nm,60.0,-0.0735117,0.004219517280207073,-0.080868,-0.07677925000000001,-0.0738355,-0.070573,-0.059413,-0.057399261344888944,0.6205397069538342,0.7926239227484149
NIR.984 nm,60.0,-0.07244748333333331,0.0041619176825506395,-0.08055,-0.0755285,-0.072689,-0.0697265,-0.058242,-0.05744737416759552,0.6393494643129052,1.063999084455824
NIR.986 nm,60.0,-0.07131325000000001,0.004180789701678502,-0.078745,-0.07444575,-0.0715315,-0.06858425,-0.056855,-0.05862570702749491,0.6538551520038866,1.111009131608014
NIR.988 nm,60.0,-0.06996308333333334,0.00416063903294066,-0.077696,-0.07312875,-0.070229,-0.06720425000000001,-0.055982,-0.059469063321832716,0.6194076704588146,0.865052527896562
NIR.990 nm,60.0,-0.06826138333333334,0.004063097545484761,-0.075856,-0.0713335,-0.068495,-0.065581,-0.055107,-0.059522637061775935,0.5750533162829418,0.6496847212210324
NIR.992 nm,60.0,-0.06677993333333335,0.004023650862918733,-0.074587,-0.06990725,-0.067084,-0.06395475,-0.054763,-0.06025239412616064,0.47106393783145567,0.20956844789336282
NIR.994 nm,60.0,-0.06496235000000002,0.003934720013836834,-0.072527,-0.068044,-0.0652065,-0.0621875,-0.054189,-0.06056923762512952,0.3908510181332608,-0.04555516509072044
NIR.996 nm,60.0,-0.0637562,0.003927110883528173,-0.07165,-0.0668175,-0.063959,-0.0608385,-0.054361,-0.06159574886094486,0.24407175857833666,-0.3671739314056337
NIR.998 nm,60.0,-0.062346833333333344,0.003950926675967304,-0.070243,-0.065416,-0.062561,-0.05939875,-0.053546,-0.06337012587061043,0.1916541530141505,-0.4789657580043021
NIR.1000 nm,60.0,-0.06213816666666667,0.0038981260302897586,-0.06983,-0.0651725,-0.062368,-0.0591395,-0.053412,-0.0627331998898652,0.17350281335387246,-0.6047950966214377
NIR.1002 nm,60.0,-0.0618197,0.003928225265814456,-0.069824,-0.0648175,-0.062142,-0.058874249999999996,-0.053107,-0.06354325992870324,0.15251442572690802,-0.5966319583098216
NIR.1004 nm,60.0,-0.06114394999999999,0.003942722579188229,-0.069127,-0.06425550000000001,-0.061469499999999996,-0.05831075,-0.052342,-0.06448262794909765,0.17034674441489614,-0.5684867087889018
NIR.1006 nm,60.0,-0.06009964999999999,0.003992122560298053,-0.068388,-0.0630495,-0.060375,-0.05708575,-0.051364,-0.06642505505935647,0.10318084303751325,-0.568798693866928
NIR.1008 nm,60.0,-0.05828389999999999,0.004050704904966375,-0.0661,-0.061528,-0.0586735,-0.05524425,-0.049391,-0.06949955141928346,0.13465722222246168,-0.6658301433553642
NIR.1010 nm,60.0,-0.056825016666666665,0.004109966557213383,-0.064995,-0.059974,-0.057297,-0.053752999999999995,-0.04763,-0.07232671098580201,0.16191454092441876,-0.6418391130417187
NIR.1012 nm,60.0,-0.05444753333333333,0.00405600365420667,-0.062015,-0.0577235,-0.054849999999999996,-0.051475,-0.045125,-0.07449379991882099,0.27475207849112226,-0.5843450611142771
NIR.1014 nm,60.0,-0.05338561666666666,0.004080981479205195,-0.061494,-0.05667775,-0.053786,-0.050593,-0.043848,-0.07644346425154831,0.2753365165107854,-0.5013640388395113
NIR.1016 nm,60.0,-0.051512883333333336,0.004039096857818114,-0.059177,-0.054782,-0.051842,-0.0486325,-0.041678,-0.07840945015020089,0.3006870537208826,-0.43604177915747044
NIR.1018 nm,60.0,-0.05075969999999999,0.004063405507115213,-0.059032,-0.053908,-0.050938,-0.04797325,-0.041018,-0.08005180304681102,0.23880069016421376,-0.3598750757268223
NIR.1020 nm,60.0,-0.04993860000000001,0.004064751103352257,-0.05776,-0.053129,-0.0502675,-0.04712675,-0.040327,-0.08139497509646358,0.24592339189675272,-0.44914069797016554
NIR.1022 nm,60.0,-0.0507844,0.00411044843196754,-0.059117,-0.05374325,-0.051158499999999996,-0.04797575,-0.041441,-0.0809391945551693,0.1916912519616572,-0.46051231741010756
NIR.1024 nm,60.0,-0.05173096666666666,0.004044514422538792,-0.059797,-0.05465275,-0.0522325,-0.04891025,-0.042635,-0.07818362352669728,0.22626447974702218,-0.4489055249894016
NIR.1026 nm,60.0,-0.05280233333333333,0.004055540807702205,-0.061188,-0.055679,-0.0533,-0.04985625,-0.043864,-0.0768060907858025,0.22827336526686698,-0.4707738355010349
NIR.1028 nm,60.0,-0.05410208333333334,0.004008368268931702,-0.062325,-0.05689425,-0.054766999999999996,-0.05115175,-0.045499,-0.07408898182784153,0.20034013410397292,-0.4261806146600775
NIR.1030 nm,60.0,-0.055006099999999995,0.004010110107537731,-0.063308,-0.05779525,-0.055633,-0.051888500000000004,-0.046528,-0.07290300725806285,0.16564514672944847,-0.4782048141563915
NIR.1032 nm,60.0,-0.05679760000000001,0.004044687468599282,-0.065296,-0.05946275,-0.057463,-0.053747,-0.048335,-0.07121229538922914,0.1532298478375281,-0.4992076754321748
NIR.1034 nm,60.0,-0.05789564999999999,0.0039857129971640854,-0.066125,-0.060693750000000005,-0.058637999999999996,-0.055042999999999995,-0.049447,-0.06884304774476296,0.14984713535649996,-0.5024132074495689
NIR.1036 nm,60.0,-0.059417599999999994,0.0039820530229978226,-0.06768,-0.06218925,-0.0602935,-0.0563915,-0.05119,-0.06701807247343923,0.15213918219186395,-0.5848653670302064
NIR.1038 nm,60.0,-0.0602856,0.003978811253355769,-0.068464,-0.06305725000000001,-0.061088500000000004,-0.057466500000000004,-0.051839,-0.06599936391701781,0.15846389724182683,-0.5114429238178273
NIR.1040 nm,60.0,-0.06085896666666666,0.0039302244554295495,-0.068879,-0.06356300000000001,-0.0615315,-0.0578935,-0.052351,-0.06457921766821897,0.15202230536538722,-0.587696552265804
NIR.1042 nm,60.0,-0.06086488333333333,0.0039017031834726874,-0.068813,-0.06370400000000001,-0.0615585,-0.05792525,-0.052496,-0.06410434013492763,0.11939445180244354,-0.6218725674943997
NIR.1044 nm,60.0,-0.060574933333333345,0.003892271315758991,-0.068729,-0.0633235,-0.061264,-0.05761575,-0.052283,-0.06425547832369038,0.10858190133751176,-0.597849941298271
NIR.1046 nm,60.0,-0.06107286666666667,0.003872898824389143,-0.068507,-0.0639155,-0.061759999999999995,-0.0580485,-0.052638,-0.06341439391616041,0.13550466637743155,-0.6949443796059622
NIR.1048 nm,60.0,-0.06081453333333334,0.003766279207210568,-0.068568,-0.06381425,-0.061264,-0.05795325,-0.05239,-0.061930578116369685,0.16135484356186042,-0.6493902505630085
NIR.1050 nm,60.0,-0.06129543333333333,0.003749398375995928,-0.068526,-0.06414824999999999,-0.061977000000000004,-0.058373,-0.052629,-0.061169293895128596,0.18173007229972263,-0.5978113541211547
NIR.1052 nm,60.0,-0.06108129999999999,0.003811676326362084,-0.069355,-0.06372900000000001,-0.061698,-0.05817725,-0.052558,-0.06240332681789819,0.06701864466098592,-0.516120341723362
NIR.1054 nm,60.0,-0.06180238333333333,0.003846154240768994,-0.069546,-0.06443575,-0.062475499999999996,-0.058759,-0.053302,-0.06223310547790084,0.08121856697911631,-0.6286024903734728
NIR.1056 nm,60.0,-0.06192728333333333,0.003874863855855122,-0.070077,-0.06457025,-0.0625675,-0.05897075,-0.053681,-0.06257119071408411,0.045701563057619736,-0.6648154587651027
NIR.1058 nm,60.0,-0.06256055,0.003849324217269964,-0.070081,-0.06520475,-0.063235,-0.0596,-0.054152,-0.06152957762151969,0.116718410496286,-0.6928809495480341
NIR.1060 nm,60.0,-0.06309016666666667,0.0038395256202688067,-0.071128,-0.065771,-0.0636475,-0.0599435,-0.054565,-0.060857750472505856,0.09058609880588905,-0.6390622584817267
NIR.1062 nm,60.0,-0.06343303333333332,0.0038398114976979153,-0.070863,-0.06618450000000001,-0.0641115,-0.06042425,-0.055178,-0.06053331042077313,0.11895779141574063,-0.752492332555998
NIR.1064 nm,60.0,-0.06399073333333333,0.0038562245032167197,-0.07199,-0.06685350000000001,-0.0646405,-0.0608685,-0.055684,-0.06026223333196244,0.13731425215881765,-0.7221198826515316
NIR.1066 nm,60.0,-0.06402058333333334,0.0038799152764280673,-0.071699,-0.06678425,-0.06445300000000001,-0.060998500000000004,-0.055757,-0.060604185004480074,0.14893757680333417,-0.7137711780771183
NIR.1068 nm,60.0,-0.06482494999999999,0.00391302784677812,-0.072714,-0.0675385,-0.0653955,-0.06178425,-0.056347,-0.06036299058893405,0.14956891841924178,-0.6336147500522125
NIR.1070 nm,60.0,-0.06470103333333334,0.003955641206530523,-0.072392,-0.06758125,-0.06516949999999999,-0.06154825,-0.056175,-0.06113721841429409,0.19432704889469293,-0.6707841332500748
NIR.1072 nm,60.0,-0.06528996666666667,0.003969535928845522,-0.073132,-0.06822299999999999,-0.0658995,-0.062318,-0.056756,-0.060798559587443325,0.2338340913719393,-0.5997504202362078
NIR.1074 nm,60.0,-0.06513609999999999,0.004022476194534061,-0.07297,-0.06818225,-0.065723,-0.0622425,-0.056545,-0.06175494379513145,0.2594747762010753,-0.5516954960007565
NIR.1076 nm,60.0,-0.06562005,0.004024753292470762,-0.07344,-0.06851425,-0.0663205,-0.06255675,-0.057273,-0.06133420033161758,0.28173563044620825,-0.5662441631276791
NIR.1078 nm,60.0,-0.06614738333333334,0.004041037147001539,-0.074101,-0.06900200000000001,-0.06685050000000001,-0.06318099999999999,-0.057433,-0.06109141349760934,0.2361797920676552,-0.5399406768592434
NIR.1080 nm,60.0,-0.06647123333333334,0.004008912551171184,-0.074194,-0.06933225000000001,-0.0671615,-0.06354950000000001,-0.057911,-0.06031048846450145,0.23770320651747473,-0.5781059174127603
NIR.1082 nm,60.0,-0.06714593333333334,0.0039804021893146135,-0.07502,-0.06996825000000001,-0.0679215,-0.0642025,-0.058855,-0.05927986985532924,0.21298688099540086,-0.6122492922499556
NIR.1084 nm,60.0,-0.06748141666666667,0.003909307400150321,-0.074963,-0.070413,-0.068149,-0.064648,-0.059475,-0.05793161426146192,0.2241243527687549,-0.6714136424242017
NIR.1086 nm,60.0,-0.06844995000000001,0.003919049726677309,-0.076318,-0.0712645,-0.0689805,-0.0656105,-0.060274,-0.05725423797500667,0.17631206466866742,-0.6441768187249188
NIR.1088 nm,60.0,-0.06871486666666667,0.0038951369483405437,-0.075933,-0.0715735,-0.069385,-0.06582025,-0.060256,-0.05668550544143107,0.22170603819898255,-0.7012036225734755
NIR.1090 nm,60.0,-0.06925518333333333,0.003881552827883413,-0.076976,-0.071938,-0.0699765,-0.06652975,-0.060515,-0.05604710927124462,0.2018589741317251,-0.6368637482598971
NIR.1092 nm,60.0,-0.06925071666666667,0.0038626808644689333,-0.076463,-0.07219625,-0.069842,-0.0663105,-0.060839,-0.05577820779908559,0.20698704442352153,-0.7590180070758592
NIR.1094 nm,60.0,-0.06936268333333333,0.003929649527183967,-0.077096,-0.072141,-0.069982,-0.06650624999999999,-0.060784,-0.05665365493862767,0.194794513589428,-0.7177576534805996
NIR.1096 nm,60.0,-0.06900041666666666,0.003942091934930783,-0.076117,-0.071878,-0.069659,-0.0660685,-0.060401,-0.057131422176399174,0.21157129679107067,-0.7913684640422329
NIR.1098 nm,60.0,-0.06816268333333333,0.003960387399693332,-0.076017,-0.07097425,-0.068799,-0.06531175,-0.059631,-0.0581019878622736,0.1758794045701313,-0.7259143783983757
NIR.1100 nm,60.0,-0.06732365000000001,0.003934078061942548,-0.07474,-0.07011225,-0.0680875,-0.06439475,-0.058887,-0.05843530560126415,0.16937217297577536,-0.7545016595352365
NIR.1102 nm,60.0,-0.06611366666666667,0.0039424838796427485,-0.073907,-0.06899625000000001,-0.0667305,-0.062998,-0.057861,-0.05963190484533327,0.1356812129993477,-0.8141432584815398
NIR.1104 nm,60.0,-0.06525053333333335,0.003849158338406501,-0.072641,-0.06802625000000001,-0.065798,-0.062331750000000005,-0.057174,-0.05899045021966359,0.14140179027854524,-0.8567906029401353
NIR.1106 nm,60.0,-0.06364045,0.0038032700311259804,-0.071094,-0.066384,-0.0642215,-0.060599,-0.055943,-0.05976183435418795,0.1376049821469484,-0.8831340191521195
NIR.1108 nm,60.0,-0.062428583333333336,0.0037654754636717693,-0.069378,-0.06522125000000001,-0.0629545,-0.05940575,-0.054586,-0.06031652910600677,0.1890106178833112,-0.9254178887019107
NIR.1110 nm,60.0,-0.060489466666666665,0.003748597886879056,-0.067626,-0.0632825,-0.0609865,-0.057156,-0.05273,-0.061971085107033336,0.1353223959761502,-0.9376885620631246
NIR.1112 nm,60.0,-0.05863663333333333,0.003699786145751371,-0.065388,-0.0615725,-0.059024999999999994,-0.05547075,-0.05065,-0.06309683785423172,0.17093217833939803,-0.9575855691427915
NIR.1114 nm,60.0,-0.056326383333333334,0.0037787000952559076,-0.063377,-0.05901875,-0.056714,-0.05308425,-0.047988,-0.06708579304469056,0.10690278971779124,-0.8680509695041785
NIR.1116 nm,60.0,-0.05353438333333334,0.0037781006441972424,-0.060488,-0.05617525,-0.0538845,-0.0504035,-0.045184,-0.07057334761237077,0.12752535277025454,-0.9088983741179328
NIR.1118 nm,60.0,-0.0506643,0.003713354261927654,-0.057457,-0.053330499999999996,-0.05113,-0.047583,-0.042775,-0.07329331031767247,0.11577611854924025,-0.9397272416394307
NIR.1120 nm,60.0,-0.046992316666666666,0.003716239658997701,-0.053399,-0.04973575,-0.047196,-0.04382975,-0.039567,-0.07908185683541248,0.13763530774803212,-1.0569975673763996
NIR.1122 nm,60.0,-0.04288488333333333,0.003680576290965291,-0.04851,-0.045968,-0.042942999999999995,-0.040608,-0.036237,-0.08582456112465327,0.2516611962761088,-1.1023006020369102
NIR.1124 nm,60.0,-0.036452633333333345,0.0038917337383736162,-0.04242,-0.03990425,-0.0366635,-0.033938,-0.028954,-0.10676138820442643,0.301188344481133,-1.0215980570155336
NIR.1126 nm,60.0,-0.02856141666666667,0.004214930408544138,-0.035675,-0.03188525,-0.029395,-0.025676749999999998,-0.019519,-0.14757427678520163,0.4044143810297891,-0.7632523591031348
NIR.1128 nm,60.0,-0.017324466666666666,0.004982722383878341,-0.025778,-0.02123075,-0.0179685,-0.013600000000000001,-0.005311,-0.2876118774533708,0.45174581312522355,-0.563675552912005
NIR.1130 nm,60.0,-0.00412355,0.005844526848445765,-0.013639,-0.00892675,-0.004235,-9.500000000000014e-06,0.010727,-1.4173532146926229,0.47515642441363354,-0.376528178904318
NIR.1132 nm,60.0,0.013241166666666668,0.00731846774545348,-0.000631,0.007369250000000001,0.01369,0.017988999999999998,0.032145,0.5527056587752951,0.3610908645021069,-0.36799405796290463
NIR.1134 nm,60.0,0.0350892,0.009373479280594203,0.015673,0.02832475,0.035912,0.040888,0.059076,0.2671328864891249,0.23053465840461707,-0.320380219732582
NIR.1136 nm,60.0,0.06152518333333332,0.011783657324823652,0.035679,0.0531205,0.062304,0.06841375,0.091417,0.19152575720062034,0.14183158205297736,-0.24303146131934472
NIR.1138 nm,60.0,0.08909758333333334,0.014186398017881473,0.056818,0.0792445,0.08992900000000001,0.0974685,0.124925,0.1592231515955611,0.059796948016679306,-0.16872732181977002
NIR.1140 nm,60.0,0.11586546666666665,0.016081300952376455,0.078483,0.1050035,0.11684649999999999,0.1248015,0.156911,0.1387928725876602,0.018901998520761267,-0.05585444083643498
NIR.1142 nm,60.0,0.13915561666666668,0.017025732988618068,0.099178,0.12815975,0.140819,0.14907325,0.182317,0.12235031108662688,-0.033349449683391416,-0.04116787858055959
NIR.1144 nm,60.0,0.1575242166666667,0.016893908368675645,0.117701,0.14688075,0.159005,0.16719475,0.200609,0.1072464204308627,-0.041206147821524784,0.019572343169259376
NIR.1146 nm,60.0,0.17422506666666668,0.015964459866933733,0.137449,0.16430075,0.175676,0.18388975,0.215202,0.09163124556282984,-0.03090029596892242,0.02962876105652157
NIR.1148 nm,60.0,0.18581013333333332,0.01438883333331043,0.153815,0.177059,0.1871215,0.19459975000000002,0.223322,0.07743836719334161,-0.0030018892629186953,0.04441287349480749
NIR.1150 nm,60.0,0.1896697833333333,0.012197602932184786,0.163895,0.18210925,0.190596,0.1974225,0.221463,0.06430967926371396,0.06024483464998328,-0.030676698444871864
NIR.1152 nm,60.0,0.18271218333333333,0.009632465846700577,0.163702,0.17694100000000001,0.183843,0.18897775,0.208305,0.05271934071920899,0.18759265851897325,-0.04414284035009208
NIR.1154 nm,60.0,0.16760966666666668,0.007025412056596523,0.155626,0.1632625,0.167625,0.17234475,0.186235,0.04191531548456745,0.3480678455126499,-0.059276325723282675
NIR.1156 nm,60.0,0.1514238,0.005033878209067917,0.143409,0.1478165,0.149847,0.15480725,0.164748,0.03324363943493636,0.600790053212272,-0.20703752982820411
NIR.1158 nm,60.0,0.13829438333333333,0.0040966510468573615,0.12838,0.13558375,0.13767849999999998,0.14090275,0.147161,0.029622685666005198,0.21537794874099625,-0.1636577267094972
NIR.1160 nm,60.0,0.13383596666666667,0.0045289953013387,0.122619,0.13142275,0.13382100000000002,0.13631000000000001,0.143336,0.033839896809044354,-0.08712711002865661,0.05418541044123426
NIR.1162 nm,60.0,0.13697575,0.0055405264836567375,0.125492,0.134226,0.137146,0.14046,0.148574,0.04044895891175436,-0.0861271480067644,-0.1528870217678886
NIR.1164 nm,60.0,0.14608363333333338,0.006279727703712029,0.132107,0.14274075,0.145427,0.15053850000000002,0.159739,0.042987209178888354,-0.04108131466715512,-0.18702230646222429
NIR.1166 nm,60.0,0.15817499999999998,0.0072723498988186384,0.142736,0.15406999999999998,0.15721249999999998,0.16356774999999998,0.174511,0.04597660754745465,-0.00154852589306527,-0.32468959807724085
NIR.1168 nm,60.0,0.17100701666666668,0.007944725041357214,0.154038,0.165676,0.169982,0.17682900000000001,0.189393,0.04645847402181965,0.058418623496392395,-0.26669311400756435
NIR.1170 nm,60.0,0.18450415,0.008739205329472354,0.165993,0.177904,0.184119,0.19065575,0.204829,0.04736590114353717,0.1306102680391848,-0.0602740619883817
NIR.1172 nm,60.0,0.1994812,0.009727327155310482,0.179567,0.19291225,0.199165,0.205771,0.223293,0.048763127328843435,0.24488456530487812,0.08127940058744132
NIR.1174 nm,60.0,0.21687806666666665,0.010113531138883943,0.19629,0.21059125,0.21671849999999998,0.22308675,0.243386,0.04663233721290985,0.3277071603342983,0.3582151665675224
NIR.1176 nm,60.0,0.2343108,0.010447547977347748,0.21385,0.22794275,0.2342055,0.23940324999999998,0.262901,0.044588418362908354,0.4674302480574206,0.5958287351001594
NIR.1178 nm,60.0,0.25389338333333333,0.010812420695257974,0.232991,0.24733925,0.253367,0.25953499999999996,0.284,0.04258646110939601,0.47281598103132044,0.609686521039571
NIR.1180 nm,60.0,0.27849928333333335,0.011298998043311994,0.257241,0.27184325,0.277598,0.28378824999999996,0.310256,0.0405710129953488,0.5204152933259003,0.6337487889740543
NIR.1182 nm,60.0,0.31311535000000007,0.012254971296808217,0.289582,0.30606900000000004,0.312233,0.319259,0.347512,0.03913883907897909,0.48767274546815953,0.6146109072487933
NIR.1184 nm,60.0,0.3579292666666667,0.013715409901827255,0.331322,0.35063849999999996,0.3564055,0.364774,0.39715,0.03831877183320742,0.5027984024112875,0.7064307735024831
NIR.1186 nm,60.0,0.40829360000000003,0.015534911667442919,0.377178,0.401055,0.40653649999999997,0.415942,0.453855,0.038048383975264166,0.5310461361938557,0.9071042125193665
NIR.1188 nm,60.0,0.45499343333333336,0.0175748365330939,0.419535,0.4467155,0.45373949999999996,0.46249975,0.509368,0.03862657182618803,0.7156852694616582,1.3070041146059217
NIR.1190 nm,60.0,0.48925783333333334,0.01895328766004183,0.450145,0.48062499999999997,0.48711550000000003,0.4969065,0.550776,0.03873885376737316,0.8586140587288752,1.7349173814934518
NIR.1192 nm,60.0,0.5030165666666666,0.020218489069406684,0.463245,0.49188675000000004,0.50113,0.51001925,0.569621,0.04019447948481754,0.9589410878434623,1.7777666722806127
NIR.1194 nm,60.0,0.4935169833333334,0.020136386454386382,0.452347,0.483669,0.49112750000000005,0.50130875,0.558022,0.04080181054435117,0.9260178606616768,1.6532784313756923
NIR.1196 nm,60.0,0.4648925333333333,0.018968458866722167,0.426723,0.45639375,0.46250800000000003,0.47568525,0.51845,0.040801814412281735,0.5893772009398205,0.8982111080574007
NIR.1198 nm,60.0,0.4248493833333333,0.018066453034764313,0.389338,0.41600349999999997,0.4233095,0.43672500000000003,0.474097,0.04252437156202608,0.26558599493277074,0.12172643358128665
NIR.1200 nm,60.0,0.3807461166666667,0.018705545475300397,0.346388,0.37018399999999996,0.38065499999999997,0.39456050000000004,0.429533,0.04912865727709211,0.2301540503162221,-0.2614021059069853
NIR.1202 nm,60.0,0.3403439166666666,0.019639819427948648,0.30669,0.327613,0.339105,0.35584875000000005,0.388781,0.05770580423561359,0.3309543729607283,-0.37163306632864446
NIR.1204 nm,60.0,0.30958556666666665,0.020290324173439834,0.275889,0.29509825,0.3068125,0.32316475,0.359001,0.06554027822390891,0.4401624230126367,-0.4441876219957406
NIR.1206 nm,60.0,0.2869504666666666,0.02046129785176226,0.254164,0.27158974999999996,0.284745,0.2990015,0.336412,0.07130602744595269,0.43912456907547504,-0.4884256855693936
NIR.1208 nm,60.0,0.27002258333333334,0.020274065987633167,0.237333,0.25469025,0.26774200000000004,0.282602,0.319126,0.07508285320937601,0.44739417936241394,-0.5188522649892113
NIR.1210 nm,60.0,0.25345066666666666,0.019963287584341946,0.221255,0.23850749999999998,0.25081200000000003,0.266233,0.301999,0.07876596991002305,0.47436181633644176,-0.4882118099911512
NIR.1212 nm,60.0,0.23428978333333336,0.01961534711418299,0.201938,0.21987725000000002,0.2323295,0.24793500000000002,0.28253,0.0837225884761499,0.43929451960702626,-0.4556295826208756
NIR.1214 nm,60.0,0.21510325,0.01894401273568145,0.183944,0.2010805,0.2132965,0.22943325,0.261341,0.08806939335264088,0.409621878831352,-0.4947401413513184
NIR.1216 nm,60.0,0.19530453333333334,0.018093321323745228,0.165283,0.1822695,0.19344650000000002,0.20999025,0.239522,0.09264158396602448,0.36984212814398254,-0.4944468509950952
NIR.1218 nm,60.0,0.17589338333333332,0.017062901292323705,0.146564,0.16364275,0.174397,0.18895825,0.218119,0.09700706740052875,0.34462024539339575,-0.4565448411498614
NIR.1220 nm,60.0,0.15585565,0.015942691606346926,0.126276,0.14479150000000002,0.154347,0.1682525,0.195463,0.10229139339091604,0.33278129434496767,-0.40937733355811945
NIR.1222 nm,60.0,0.13765718333333335,0.01492873016100353,0.107763,0.127654,0.136938,0.14912875,0.174744,0.10844860979651161,0.2556846917139187,-0.3521610935080899
NIR.1224 nm,60.0,0.12033390000000001,0.013994247982653444,0.090286,0.110775,0.11982699999999999,0.13089825,0.154083,0.11629514195628533,0.19254916275195894,-0.39890879142551006
NIR.1226 nm,60.0,0.1051562,0.013088570605749694,0.075373,0.0965525,0.105171,0.11469774999999999,0.135921,0.12446789258027291,0.11681186457038308,-0.34638745485204003
NIR.1228 nm,60.0,0.08994705000000001,0.012062542822159876,0.061726,0.08256625,0.0899405,0.09909625,0.118325,0.13410715328807196,0.1286076029479383,-0.31242752430504117
NIR.1230 nm,60.0,0.07536438333333333,0.010873711273091858,0.048973,0.06812075,0.075189,0.08381575000000001,0.101493,0.14428183171084827,0.15583999467675178,-0.16108237406969828
NIR.1232 nm,60.0,0.062176083333333326,0.009876243673311871,0.038575,0.05565775,0.061689999999999995,0.06984075,0.086168,0.15884312976686168,0.15992949283774363,-0.1121652938877471
NIR.1234 nm,60.0,0.0495586,0.009146501063340829,0.028447,0.043241,0.0493835,0.056425249999999996,0.072287,0.18455931086311617,0.22602160867412294,-0.09105594701911457
NIR.1236 nm,60.0,0.039289116666666665,0.008492660698033385,0.02023,0.0332925,0.0388815,0.0451575,0.061218,0.21615809716685883,0.34594911010202856,0.06359330048630119
NIR.1238 nm,60.0,0.029099616666666668,0.008095186134084888,0.010885,0.02300175,0.028857,0.03445525,0.050044,0.2781887550896107,0.34600932516393634,0.1697539581351326
NIR.1240 nm,60.0,0.02125165,0.00773702371897399,0.004133,0.015775749999999998,0.0207325,0.02606675,0.040826,0.3640669651050149,0.35815245609617025,0.10104722856688664
NIR.1242 nm,60.0,0.014271716666666665,0.007477415648656183,-0.002146,0.00884275,0.0138695,0.01888475,0.032988,0.5239324618965144,0.3355884022666238,0.1203487326273125
NIR.1244 nm,60.0,0.008891800000000002,0.0071159916583253486,-0.006477,0.003779,0.0082885,0.01360675,0.026985,0.8002869675797192,0.3699584205891145,0.1115189142762798
NIR.1246 nm,60.0,0.004261216666666667,0.006773997738340303,-0.010582,-0.00065175,0.0037064999999999997,0.0088205,0.0214,1.589686295777881,0.33159165072227975,0.1642459737195896
NIR.1248 nm,60.0,-0.0003462666666666666,0.006506733388214914,-0.015021,-0.004554,-0.000812,0.00436,0.016041,-18.791105279788933,0.2815724944724669,0.2315943134041274
NIR.1250 nm,60.0,-0.003441983333333333,0.00619681765099777,-0.017327,-0.00744825,-0.003826,0.001054,0.012094,-1.8003624802554061,0.2599006490542616,0.2632769169690712
NIR.1252 nm,60.0,-0.007277233333333332,0.005956926671393696,-0.020904,-0.01120525,-0.007773,-0.0032245,0.007511,-0.8185702448357705,0.23188397625232973,0.21346062854979797
NIR.1254 nm,60.0,-0.010784966666666665,0.005842773250187563,-0.02387,-0.01477,-0.011234000000000001,-0.006875,0.003694,-0.5417516280551846,0.22383924676753775,0.1658738790212202
NIR.1256 nm,60.0,-0.015192916666666667,0.005711371111737418,-0.027886,-0.018824999999999998,-0.015865499999999998,-0.01193675,-0.001214,-0.3759232830038615,0.2362496619408023,0.10625090891543687
NIR.1258 nm,60.0,-0.018998499999999998,0.005616203918807358,-0.031309,-0.02228275,-0.019485000000000002,-0.015582,-0.005412,-0.29561301780705623,0.2342613919433006,0.08508108060372166
NIR.1260 nm,60.0,-0.023200666666666665,0.0054964659853112535,-0.03531,-0.026328999999999998,-0.023755,-0.020114,-0.010057,-0.23690982954417633,0.26775302252554717,0.138408422457164
NIR.1262 nm,60.0,-0.026724516666666663,0.005429075067123614,-0.03919,-0.029823500000000003,-0.027159,-0.023563,-0.014084,-0.2031496073377173,0.19651243100197177,0.14410965861589187
NIR.1264 nm,60.0,-0.03008355,0.005351149708319462,-0.042025,-0.033036249999999996,-0.030527,-0.0270125,-0.017764,-0.17787627152777719,0.1960883320490515,0.09916785047118903
NIR.1266 nm,60.0,-0.03340151666666667,0.005306760228082817,-0.045109,-0.03633675,-0.0339125,-0.030418,-0.021488,-0.15887782225705768,0.16061525942057228,0.03678719923004259
NIR.1268 nm,60.0,-0.03577186666666666,0.005249519492027355,-0.0469,-0.0388935,-0.036402000000000004,-0.032787250000000004,-0.023654,-0.14674994573092884,0.21596320034600835,-0.02494895118984486
NIR.1270 nm,60.0,-0.038496983333333325,0.005113059910052425,-0.04932,-0.04156025,-0.0392455,-0.035753,-0.025991,-0.1328171577959769,0.24891927605922415,0.052806950559978194
NIR.1272 nm,60.0,-0.04016045,0.0050664131210069975,-0.050815,-0.0431695,-0.040848499999999996,-0.037486500000000006,-0.027169,-0.12615429162290256,0.26260480261317415,0.11968996522839825
NIR.1274 nm,60.0,-0.04198755,0.004921912727361459,-0.052177,-0.044879499999999996,-0.042867,-0.03931725,-0.028784,-0.11722314656038418,0.3546918207797123,0.18130270499259415
NIR.1276 nm,60.0,-0.04283021666666667,0.004851551211277659,-0.052712,-0.04573075,-0.043532,-0.040121,-0.029554,-0.11327402915179413,0.3624578721947987,0.2444585241118986
NIR.1278 nm,60.0,-0.04364848333333334,0.004723811946384219,-0.053178,-0.046511000000000004,-0.044149499999999994,-0.041029750000000004,-0.030701,-0.10822396531649366,0.41277676683422365,0.32860751197655214
NIR.1280 nm,60.0,-0.04371543333333334,0.004748944076627757,-0.052972,-0.04667425,-0.044042,-0.041012,-0.031122,-0.10863312369379288,0.3857939947320108,0.26519653025930223
NIR.1282 nm,60.0,-0.04369750000000001,0.004701838805461367,-0.053125,-0.04644525,-0.044067,-0.04101125,-0.031394,-0.10759972093280773,0.38158844120879704,0.31197090288156115
NIR.1284 nm,60.0,-0.0437814,0.00463187304500941,-0.053144,-0.0464335,-0.0441165,-0.041011,-0.031097,-0.10579545297796349,0.3377073098595959,0.38838656476706124
NIR.1286 nm,60.0,-0.043244649999999996,0.0045941126393701254,-0.052542,-0.0458585,-0.043633,-0.040646999999999996,-0.029836,-0.10623539881511646,0.40340407913162546,0.5379471395336264
NIR.1288 nm,60.0,-0.04337433333333334,0.004577112214703579,-0.052719,-0.045951,-0.0436,-0.04084225,-0.029678,-0.10552582283002032,0.3541760579819826,0.5925758735895634
NIR.1290 nm,60.0,-0.042920316666666666,0.0044763862978805915,-0.05178,-0.045386499999999996,-0.043220999999999996,-0.040335249999999996,-0.028968,-0.10429527658534497,0.4356286368212346,0.667796306331252
NIR.1292 nm,60.0,-0.04326309999999999,0.004457896770557742,-0.052152,-0.0459095,-0.043128,-0.04070650000000001,-0.029269,-0.10304154742858794,0.41203981402966056,0.650501993499434
NIR.1294 nm,60.0,-0.04312565000000001,0.004374149718148621,-0.051559,-0.0456785,-0.0433085,-0.0405475,-0.029262,-0.10142802991140122,0.41954034795192086,0.6237037445554239
NIR.1296 nm,60.0,-0.04341478333333334,0.004314975350369198,-0.051585,-0.046074500000000004,-0.043702,-0.04058425,-0.029877,-0.09938954013058986,0.38862173356616014,0.512888487215549
NIR.1298 nm,60.0,-0.04346329999999999,0.004283177670762915,-0.051607,-0.04607075,-0.043775499999999995,-0.04065325,-0.03003,-0.09854699644902518,0.38396669070386047,0.5070939789362598
NIR.1300 nm,60.0,-0.0437483,0.004244363318128079,-0.051989,-0.04636375,-0.044105000000000005,-0.04094825,-0.030565,-0.09701778853413913,0.3722754722257949,0.46758289650753904
NIR.1302 nm,60.0,-0.04394123333333333,0.004230200277210374,-0.052124,-0.046442250000000004,-0.044116,-0.040978,-0.031404,-0.09626949351012848,0.272696111223317,0.21617173574697368
NIR.1304 nm,60.0,-0.04419628333333333,0.0041947814233340005,-0.05237,-0.046783,-0.044423000000000004,-0.04131625,-0.03232,-0.09491253804525797,0.23242506017914574,0.07057569326908109
NIR.1306 nm,60.0,-0.04480816666666668,0.004166830922638103,-0.053002,-0.047308750000000004,-0.045022,-0.041854749999999996,-0.033693,-0.09299266702062724,0.19915064487478862,-0.1409438023958316
NIR.1308 nm,60.0,-0.04463291666666667,0.00408437676631442,-0.052737,-0.047207,-0.0448465,-0.041751500000000004,-0.034155,-0.09151041588471333,0.20591050912116635,-0.19046810140647485
NIR.1310 nm,60.0,-0.04519048333333334,0.0040714042157286605,-0.05304,-0.04770075,-0.045421,-0.04213625,-0.035496,-0.09009428347329751,0.12516666097685322,-0.38672841946743697
NIR.1312 nm,60.0,-0.044599599999999996,0.004016278255266786,-0.052466,-0.047105499999999995,-0.044751,-0.041683250000000005,-0.035629,-0.09005188959691984,0.1123273064187081,-0.4912957883423079
NIR.1314 nm,60.0,-0.044135600000000004,0.004059404682913619,-0.052274,-0.04661475,-0.044392,-0.04105875,-0.035932,-0.09197574481628477,0.01948514700412641,-0.5873053183931098
NIR.1316 nm,60.0,-0.04317966666666666,0.0040830433550904195,-0.051332,-0.04581375,-0.043268,-0.0400645,-0.035289,-0.0945593996037584,-0.021325859875373464,-0.6280819459567479
NIR.1318 nm,60.0,-0.04236341666666667,0.004079152364142212,-0.050416,-0.04500875,-0.042409,-0.03935275,-0.034887,-0.09628950365922355,-0.03848103239456335,-0.646320522135508
NIR.1320 nm,60.0,-0.04165090000000001,0.004022455863806487,-0.049718,-0.044464250000000004,-0.0417765,-0.038464,-0.034467,-0.09657548489483986,-0.02301731056793216,-0.711978094342538
NIR.1322 nm,60.0,-0.04037271666666666,0.004011912469648895,-0.048087,-0.04314575,-0.04059,-0.0374255,-0.033096,-0.09937187291043238,-0.003914567146703446,-0.7212122835009036
NIR.1324 nm,60.0,-0.03946701666666667,0.003937693123557337,-0.047005,-0.04212125,-0.039763,-0.036514250000000005,-0.032354,-0.09977174501976133,0.03903984231881477,-0.7297268746359964
NIR.1326 nm,60.0,-0.0377319,0.003982306944473266,-0.045554,-0.04046125,-0.038064,-0.03476575,-0.030384,-0.10554217901757573,0.006348081119733849,-0.677558515026258
NIR.1328 nm,60.0,-0.036345850000000006,0.0040517047085042186,-0.044502,-0.03901425,-0.036477499999999996,-0.03317625,-0.028914,-0.1114764053806478,-0.05616224337461112,-0.6829469624779034
NIR.1330 nm,60.0,-0.034352999999999995,0.004128760748945608,-0.042504,-0.0370135,-0.0344575,-0.031288,-0.026203,-0.12018632285231592,-0.057669753170613514,-0.569305286532169
NIR.1332 nm,60.0,-0.0330764,0.004115156982404257,-0.041216,-0.0356545,-0.033104999999999996,-0.03009,-0.024685,-0.1244136901961597,-0.03702504440785088,-0.5519524724876401
NIR.1334 nm,60.0,-0.030976,0.004108418607886387,-0.039177,-0.03362275,-0.031135499999999997,-0.027921,-0.02247,-0.13263231559550578,-0.034859685722990086,-0.5311281409519797
NIR.1336 nm,60.0,-0.028961550000000003,0.003972124852634325,-0.036896,-0.031671500000000005,-0.0291965,-0.026019,-0.02093,-0.1371516666972011,-0.030154581262841068,-0.5707892172729601
NIR.1338 nm,60.0,-0.026240183333333337,0.003947025168108713,-0.034003,-0.028924000000000002,-0.026354000000000002,-0.02300775,-0.01891,-0.15041911552099343,-0.08419112057284171,-0.7213059370698449
NIR.1340 nm,60.0,-0.02267605,0.00389451967589486,-0.030393,-0.02504225,-0.02274,-0.0193885,-0.0157,-0.17174594675416838,-0.11836504623476,-0.7732441531067251
NIR.1342 nm,60.0,-0.019228233333333337,0.0038643669570229836,-0.026996,-0.021568,-0.019498500000000002,-0.0159815,-0.012374,-0.20097358348173688,-0.14536898192652126,-0.8187947521545622
NIR.1344 nm,60.0,-0.014005566666666663,0.003904050028188531,-0.021952,-0.01638225,-0.014259,-0.01034325,-0.007267,-0.27874988003735646,-0.06769325210230386,-0.8812569574975129
NIR.1346 nm,60.0,-0.008405233333333335,0.004043059499206547,-0.016581,-0.010906250000000001,-0.0085015,-0.00477725,-0.000991,-0.481016925868393,-0.01685807248115807,-0.9011857051586865
NIR.1348 nm,60.0,0.00028321666666666657,0.004209325672037843,-0.0076,-0.00248875,0.0001425,0.004091,0.008786,14.862563427427215,0.10788973047360245,-0.8759496722984159
NIR.1350 nm,60.0,0.012088199999999999,0.004512025351533539,0.004459,0.008819750000000001,0.011155499999999999,0.01566675,0.022755,0.37325866146601966,0.4461057160015267,-0.5233902616322132
NIR.1352 nm,60.0,0.029879849999999996,0.005223885568687906,0.021267,0.0262535,0.0285465,0.033491,0.044084,0.17482971195263386,0.6375444909634594,0.03364931873312704
NIR.1354 nm,60.0,0.05364588333333333,0.006057944225592992,0.044608,0.0492315,0.0524925,0.05724875,0.071905,0.11292468031426442,0.8778679228367658,0.6177132968950487
NIR.1356 nm,60.0,0.08318914999999999,0.007033981216692268,0.073156,0.07790725,0.08229600000000001,0.08655974999999999,0.105692,0.08455407005231173,1.048798031785519,1.1317620231094883
NIR.1358 nm,60.0,0.11536214999999998,0.007895051069112743,0.104507,0.109375,0.114067,0.1190165,0.141879,0.06843710063580424,1.196944713933725,1.6840578994565427
NIR.1360 nm,60.0,0.14455891666666665,0.008830078793612911,0.132556,0.13777224999999999,0.142849,0.1487365,0.173822,0.06108290652159411,1.1506774272422833,1.4567238938763905
NIR.1362 nm,60.0,0.16828553333333332,0.00947534768463051,0.155659,0.16076725,0.1664455,0.1727745,0.200414,0.05630518260807432,1.1997252205482662,1.6580093719387947
NIR.1364 nm,60.0,0.18478236666666667,0.009966995684855134,0.170441,0.17754225,0.18245250000000002,0.18894375,0.219347,0.05393910612063345,1.2716604475173705,1.976138840198153
NIR.1366 nm,60.0,0.19845283333333333,0.010629697167372951,0.183973,0.19084825,0.196355,0.20263475,0.234941,0.053562839032480186,1.2464077926054327,1.867855812533802
NIR.1368 nm,60.0,0.21233046666666672,0.011337600692979372,0.196043,0.20400649999999998,0.210318,0.21655625,0.251239,0.05339601457560982,1.227983186000459,1.906879949426291
NIR.1370 nm,60.0,0.22977855000000005,0.01201912148207378,0.21241,0.22173525,0.22771049999999998,0.23403775,0.271528,0.052307412863706285,1.2802985141974046,2.148129203667826
NIR.1372 nm,60.0,0.25053108333333335,0.01275482072812069,0.231595,0.242193,0.2479885,0.25475125,0.295522,0.050911130700498,1.3057934950205983,2.325953813711559
NIR.1374 nm,60.0,0.2725859666666667,0.013151626711225209,0.252718,0.263831,0.269743,0.27729875,0.318614,0.04824762944347664,1.3559330581013551,2.3847619871911863
NIR.1376 nm,60.0,0.2960071,0.013188200823951739,0.274084,0.28755975,0.293683,0.30006900000000003,0.342487,0.04455366382749514,1.335694690599137,2.484553182486103
NIR.1378 nm,60.0,0.31634968333333335,0.013291690542376229,0.295116,0.30754275,0.31443750000000004,0.3208535,0.362361,0.042015817440762084,1.2284103720654542,2.1365000445472764
NIR.1380 nm,60.0,0.3336155666666666,0.012835468069174658,0.311991,0.325644,0.331611,0.33758125,0.378291,0.03847382841700331,1.2660879459581016,2.3571327691222774
NIR.1382 nm,60.0,0.3450730166666667,0.013194735598267667,0.322896,0.33660825,0.343873,0.3487205,0.389995,0.0382375177454501,1.140626933364661,1.9784271469117791
NIR.1384 nm,60.0,0.3526093333333334,0.013521760765229146,0.329194,0.34405450000000004,0.35149149999999996,0.3564095,0.397518,0.03834771087141523,1.05813277601577,1.7212562816933592
NIR.1386 nm,60.0,0.3587295833333332,0.014022136022020914,0.333041,0.350017,0.35794800000000004,0.36236399999999996,0.404558,0.039088317979594896,0.9510620721285973,1.6104753646320593
NIR.1388 nm,60.0,0.3652108833333333,0.014426702086334673,0.336796,0.35759375,0.36437149999999996,0.369621,0.411484,0.03950238819462347,0.8526136879811831,1.5443547339485098
NIR.1390 nm,60.0,0.37088001666666665,0.014589033595033139,0.343026,0.363948,0.370375,0.37570175,0.417367,0.03933626223961596,0.8341310952860487,1.5330655809488065
NIR.1392 nm,60.0,0.37378558333333334,0.014777536197813345,0.345607,0.36644475,0.37312999999999996,0.3790155,0.421245,0.03953479442955155,0.796278857343777,1.5140553690270795
NIR.1394 nm,60.0,0.36943901666666673,0.014738506651684604,0.341031,0.36144425,0.368573,0.37464325,0.416689,0.03989428833117185,0.7923038801078214,1.458459600809801
NIR.1396 nm,60.0,0.3577154166666668,0.014362142974620684,0.329991,0.35024475,0.356835,0.36265674999999997,0.403798,0.04014963377439192,0.8124272379919325,1.4744423874215573
NIR.1398 nm,60.0,0.342058,0.01361038675523656,0.31461,0.33582199999999995,0.3409655,0.34647,0.385441,0.039789704539103195,0.8325398850150532,1.5200899835181167
NIR.1400 nm,60.0,0.3253354333333334,0.012607044812079686,0.301854,0.3196655,0.323996,0.3298945,0.364423,0.038750912198250206,0.8593860891601368,1.3777728794959505
NIR.1402 nm,60.0,0.3121867166666667,0.011921373941252545,0.289604,0.306298,0.3114615,0.31685125,0.346982,0.038186679012295825,0.6718267387992088,1.0211989018656111
NIR.1404 nm,60.0,0.3040861,0.011404071053794781,0.283237,0.2971855,0.303307,0.31017775,0.33608,0.03750276995165113,0.5548170115029322,0.6558583804478344
NIR.1406 nm,60.0,0.3007145833333333,0.011048278809568251,0.277902,0.293915,0.29995700000000003,0.307296,0.329479,0.0367400831948398,0.39987144736619473,0.4603637924434123
NIR.1408 nm,60.0,0.2995275833333333,0.011168236094724811,0.276863,0.29243825,0.29847250000000003,0.30635249999999997,0.328951,0.03728616900800114,0.358962735569145,0.36784119000472426
NIR.1410 nm,60.0,0.2972485666666667,0.011521399254955555,0.274374,0.29061975,0.29604600000000003,0.3042815,0.328051,0.038760150752469746,0.32948013554762134,0.3690278449925102
NIR.1412 nm,60.0,0.29108215,0.01202827214696797,0.267325,0.283531,0.2902815,0.29863875,0.322452,0.041322603076031875,0.24284586309018227,0.16909181886260383
NIR.1414 nm,60.0,0.2780277666666667,0.011948685886707753,0.254868,0.27094175,0.27700349999999996,0.28580275,0.308979,0.042976591978431,0.2783583218982009,0.1504538872830694
NIR.1416 nm,60.0,0.26000144999999997,0.01196511967036984,0.236587,0.25355799999999995,0.2589945,0.268104,0.290704,0.04601943439303835,0.2549750224578986,0.15357677588245977
NIR.1418 nm,60.0,0.23936546666666667,0.011686323165755057,0.217398,0.2324205,0.238901,0.247573,0.269241,0.04882209338086804,0.30502107776636506,0.05059748097404082
NIR.1420 nm,60.0,0.22090329999999997,0.011492670574127834,0.198011,0.21355849999999998,0.2205545,0.22899550000000002,0.249374,0.05202579850155174,0.17579976723449495,0.006909696610734706
NIR.1422 nm,60.0,0.20632596666666667,0.01101745869366737,0.184362,0.19964325,0.205839,0.2140745,0.23386,0.053398313705549275,0.2024787891509655,-0.041079144613946905
NIR.1424 nm,60.0,0.19773873333333328,0.010690072995052374,0.176385,0.19104975000000002,0.197572,0.2051535,0.224821,0.054061603484795474,0.1947237005914588,-0.005912254475772372
NIR.1426 nm,60.0,0.19330413333333332,0.010443215904241323,0.17263,0.186673,0.193138,0.20034725,0.220504,0.054024793594211765,0.22462848261853843,0.05721055662857166
NIR.1428 nm,60.0,0.19348558333333338,0.010111804811815736,0.173392,0.18710625,0.19320900000000002,0.2005085,0.220685,0.05226128292150484,0.28271764319395115,0.14264579159420343
NIR.1430 nm,60.0,0.19478679999999995,0.009876864226178918,0.175211,0.18861775,0.194446,0.20172225,0.222163,0.050706024361912204,0.3642228056013248,0.33632634554738416
NIR.1432 nm,60.0,0.19525330000000002,0.009701315964027677,0.17611,0.18941275000000002,0.1948435,0.20074250000000002,0.222347,0.04968579769984772,0.42603976179565883,0.4725107970627329
NIR.1434 nm,60.0,0.19415086666666662,0.009566313324682016,0.175334,0.187988,0.19318200000000002,0.199343,0.221434,0.04927257595561605,0.5339231698929098,0.7203091749221637
NIR.1436 nm,60.0,0.18916996666666666,0.009306740207344654,0.171653,0.1835435,0.1883125,0.1939385,0.215752,0.04919776839493719,0.610372184526967,0.8549746100616118
NIR.1438 nm,60.0,0.18258645,0.009024037576600526,0.164625,0.17706424999999998,0.1815955,0.186913,0.209041,0.04942336945923712,0.6928334040416361,1.0863068280492336
NIR.1440 nm,60.0,0.17412239999999998,0.00893936298340953,0.156393,0.16932675000000003,0.17349599999999998,0.17858374999999999,0.200297,0.051339534622825846,0.6128266525669444,1.0244975514335182
NIR.1442 nm,60.0,0.16658356666666665,0.008694308536490041,0.149285,0.161216,0.165936,0.1712235,0.192172,0.05219187408736021,0.5922691594758015,0.9592423674248374
NIR.1444 nm,60.0,0.15901094999999998,0.008426812929571892,0.142153,0.15401175,0.1586205,0.16373625,0.183974,0.05299517378879815,0.564212679343389,0.955541543182004
NIR.1446 nm,60.0,0.1519236666666667,0.008153229131873833,0.135374,0.14727,0.1518235,0.156125,0.175816,0.05366661633939301,0.5238571246616723,0.9194209537928972
NIR.1448 nm,60.0,0.14372000000000001,0.008053907726130028,0.127312,0.138821,0.1436405,0.14779625000000002,0.167254,0.056038879252226746,0.4435603691469752,0.8142190328302235
NIR.1450 nm,60.0,0.13387806666666666,0.007868205993414399,0.117729,0.12858225,0.133842,0.13810624999999999,0.156358,0.05877143425595529,0.41906551250920426,0.6803851583216041
NIR.1452 nm,60.0,0.12410581666666666,0.007679858043999819,0.108534,0.11861775000000001,0.12400749999999999,0.127969,0.146486,0.06188153182720675,0.48822403566962524,0.7743621223425623
NIR.1454 nm,60.0,0.11465468333333331,0.007656306308387426,0.099353,0.1092295,0.114426,0.11883574999999999,0.137275,0.06677709174886817,0.5502861762428262,0.9432868994285406
NIR.1456 nm,60.0,0.10728001666666666,0.007586876654631923,0.092128,0.10228025,0.106692,0.11114850000000001,0.13018,0.07072031577143917,0.6017314749147833,1.0863632853656218
NIR.1458 nm,60.0,0.10123825,0.007616387803527919,0.086203,0.09600525,0.100664,0.10511050000000001,0.123365,0.07523231390830955,0.5848503702437367,0.9524523892916466
NIR.1460 nm,60.0,0.0980646,0.007609669282107525,0.083316,0.09222375,0.097681,0.101872,0.119438,0.07759853486484955,0.5502608562091557,0.8275933135139297
NIR.1462 nm,60.0,0.09572498333333335,0.007566012653590647,0.080803,0.0900585,0.09555250000000001,0.0996795,0.116286,0.07903905950282898,0.5200676323427058,0.7630450950360901
NIR.1464 nm,60.0,0.09449915,0.007468530855972289,0.079807,0.0895275,0.0940695,0.09805950000000001,0.114482,0.07903278342685928,0.5554586956848441,0.7819824888910429
NIR.1466 nm,60.0,0.09379169999999999,0.007286496471125806,0.078952,0.0894865,0.0933975,0.09770075,0.112444,0.07768807337030682,0.5156910219854561,0.7107491808491879
NIR.1468 nm,60.0,0.09218678333333334,0.0069701668415983785,0.077237,0.08790875,0.091904,0.095976,0.109454,0.07560917725478411,0.3908048722783584,0.5189052546127635
NIR.1470 nm,60.0,0.09009511666666667,0.006675088961742393,0.075341,0.0865505,0.0897225,0.09336950000000001,0.106436,0.07408935365985311,0.3859909849490234,0.5181247739644967
NIR.1472 nm,60.0,0.08715519999999999,0.00639800220619753,0.072852,0.083773,0.0866525,0.09034175,0.102798,0.07340929980308153,0.43852012827243986,0.5112584236314461
NIR.1474 nm,60.0,0.08427874999999999,0.006139383076788687,0.070882,0.08073649999999999,0.0839565,0.08741675,0.098874,0.07284615726726712,0.37005616907997374,0.32124516820428006
NIR.1476 nm,60.0,0.08073233333333335,0.006048925991423397,0.066955,0.077712,0.0807325,0.08369599999999999,0.094944,0.07492569261497949,0.239730890775716,0.27063748603780313
NIR.1478 nm,60.0,0.07906863333333333,0.005750136481701289,0.066504,0.075912,0.07882,0.08219499999999999,0.092621,0.07272335740849561,0.30937706671967485,0.2567444555075227
NIR.1480 nm,60.0,0.07577088333333333,0.005508520211305536,0.064179,0.07260925,0.0757805,0.07922425,0.088422,0.07269969636057037,0.26697414546005244,0.11644349961113187
NIR.1482 nm,60.0,0.07265673333333332,0.005498006152824602,0.060945,0.0698105,0.0726985,0.07588875,0.085229,0.07567097914519419,0.25791433980184164,0.15539106798108016
NIR.1484 nm,60.0,0.06947553333333331,0.005421383138504719,0.058972,0.066333,0.069208,0.0730635,0.082097,0.07803298338846464,0.39499622225593434,0.12903009966502443
NIR.1486 nm,60.0,0.06593154999999999,0.005641189198540395,0.055048,0.06292575,0.0658305,0.069312,0.079089,0.08556130105450874,0.3053191501582394,0.09988225151869345
NIR.1488 nm,60.0,0.06347266666666666,0.005777074782236077,0.05248,0.060488,0.063253,0.066844,0.077735,0.09101673343228178,0.4456780714178472,0.29268814015265043
NIR.1490 nm,60.0,0.05991411666666667,0.005979430807591001,0.048468,0.056315,0.059812500000000005,0.063275,0.074444,0.09980003278455524,0.4539957605185695,0.34399017319144276
NIR.1492 nm,60.0,0.05709621666666666,0.00616324556006134,0.044599,0.0537705,0.057161500000000004,0.0605445,0.072774,0.10794490283030442,0.4313398393198709,0.4178569942560735
NIR.1494 nm,60.0,0.05305426666666667,0.006214522461075271,0.040931,0.049559,0.052864999999999995,0.05664375,0.069386,0.11713520611113785,0.6109095632842556,0.6860105560087226
NIR.1496 nm,60.0,0.04969396666666667,0.006464926517774659,0.03674,0.04608375,0.049878,0.052956249999999996,0.066393,0.1300947972444943,0.5163416784699385,0.5976067363574775
NIR.1498 nm,60.0,0.04566951666666666,0.006476585254517966,0.032361,0.04192375,0.045802499999999996,0.04895775,0.062734,0.14181418432319662,0.47536763536008264,0.6098526573876444
NIR.1500 nm,60.0,0.04053536666666667,0.0063307566821322065,0.027816,0.036945,0.040509,0.0435,0.056827,0.1561785966855003,0.5445708766554805,0.6430028806879062
NIR.1502 nm,60.0,0.03559116666666666,0.0061936083077682984,0.022659,0.032013,0.035629999999999995,0.038991,0.051068,0.17402094080745595,0.36864578538320647,0.443244483083685
NIR.1504 nm,60.0,0.0295046,0.0059462378084446195,0.017338,0.026582,0.029305499999999998,0.032377249999999996,0.045104,0.20153595739120747,0.44314776840019593,0.5976674892106049
NIR.1506 nm,60.0,0.024443966666666667,0.00593375279819243,0.011889,0.02133275,0.024382,0.02712325,0.040192,0.24274917729633746,0.37461436336548737,0.5298303095136938
NIR.1508 nm,60.0,0.019079833333333338,0.005829372510833091,0.006802,0.01634,0.018921,0.021935749999999997,0.034145,0.3055253370923797,0.25393355261964173,0.42899278484838854
NIR.1510 nm,60.0,0.01505496666666667,0.0056771901678788145,0.003262,0.01217225,0.014621,0.01791575,0.02997,0.37709749171671897,0.34514149219450674,0.5266604008357088
NIR.1512 nm,60.0,0.010560333333333335,0.005604437245268983,-0.001829,0.0081335,0.0103315,0.01333925,0.024131,0.5307064718855765,0.09845290521537256,0.2930228735091478
NIR.1514 nm,60.0,0.007176116666666666,0.005220870649814109,-0.003898,0.004885,0.0065965,0.010142000000000002,0.020904,0.7275342489992186,0.3707507856996456,0.5954849649241472
NIR.1516 nm,60.0,0.003274433333333334,0.005472922264578979,-0.008512,0.0008275,0.0026365,0.00580375,0.017431,1.6714105029610147,0.2586365526025383,0.435288355786811
NIR.1518 nm,60.0,0.0005120666666666669,0.005497618362208964,-0.011564,-0.00186925,0.0001025,0.00335725,0.014136,10.736137929063199,0.03401327833913716,0.2253436371116324
NIR.1520 nm,60.0,-0.0018891833333333334,0.00542841796253648,-0.013625,-0.00441475,-0.0023740000000000002,0.00132175,0.011749,-2.8734204175718676,0.033955988647896354,0.22012383922345125
NIR.1522 nm,60.0,-0.004072383333333333,0.0054495186448652935,-0.016354,-0.00622375,-0.004173,-0.00118875,0.009634,-1.338164460172453,-0.05779689066574097,0.32037177062822897
NIR.1524 nm,60.0,-0.005429716666666667,0.005357490587293444,-0.017975,-0.007435,-0.0053419999999999995,-0.00214475,0.007699,-0.9866980021597401,-0.21215185434702516,0.26519426903965426
NIR.1526 nm,60.0,-0.0080936,0.005153344361526268,-0.01975,-0.01041475,-0.008217,-0.00520025,0.005545,-0.6367184394492276,-0.016590104001265968,0.48288968921513087
NIR.1528 nm,60.0,-0.009354683333333334,0.005256637761824525,-0.021401,-0.01163925,-0.009354999999999999,-0.006538,0.004693,-0.5619257835370723,-0.0374310915083182,0.5163489120267881
NIR.1530 nm,60.0,-0.011363299999999996,0.005160324097363509,-0.023398,-0.013538749999999999,-0.0114755,-0.008223,0.002553,-0.45412196257808124,-0.07644173555901228,0.46738574560990553
NIR.1532 nm,60.0,-0.013161783333333335,0.005032972060901909,-0.024159,-0.015779750000000002,-0.0133545,-0.010471000000000001,0.001494,-0.3823928667899797,0.14422456923882404,0.714499221401363
NIR.1534 nm,60.0,-0.01471798333333333,0.0051786710241131075,-0.026154,-0.01691325,-0.014846,-0.01208125,-0.000102,-0.35186009569561333,0.06061978824913811,0.633276735965691
NIR.1536 nm,60.0,-0.016358599999999997,0.004968493309796394,-0.027577,-0.017902750000000002,-0.016334,-0.01367025,-0.003056,-0.30372362609247705,-0.11606779540325893,0.4537379799020833
NIR.1538 nm,60.0,-0.017759483333333336,0.004845767926379438,-0.028195,-0.0195145,-0.018291,-0.01542325,-0.004391,-0.27285523094493763,0.13171923488831208,0.5796429502671563
NIR.1540 nm,60.0,-0.019452333333333335,0.004894026620786992,-0.030559,-0.02091075,-0.019723499999999998,-0.016946250000000003,-0.006868,-0.25159072368971974,-0.03231443277608473,0.5295943688418157
NIR.1542 nm,60.0,-0.020630733333333335,0.004918822150821519,-0.031791,-0.022398,-0.020727,-0.0180105,-0.008665,-0.2384220701875932,-0.076216104983969,0.46861090129613814
NIR.1544 nm,60.0,-0.02156853333333333,0.00481091862846562,-0.032439,-0.023298,-0.02165,-0.01884,-0.010355,-0.2230526551859014,-0.09182518280020074,0.2561588336943652
NIR.1546 nm,60.0,-0.022710500000000005,0.004801893258331216,-0.03316,-0.0245165,-0.022940000000000002,-0.020289,-0.010983,-0.21143934560362893,0.0697046667053763,0.39594738421237263
NIR.1548 nm,60.0,-0.0234439,0.004995884847908258,-0.034595,-0.02553,-0.0233755,-0.02070825,-0.011896,-0.21309956312338213,-0.1026904982593072,0.22799894900886342
NIR.1550 nm,60.0,-0.02332545,0.005053030141175404,-0.034283,-0.02515575,-0.023376,-0.02049475,-0.011357,-0.21663162516373333,-0.10576743903184171,0.215030980217779
NIR.1552 nm,60.0,-0.024266883333333333,0.004920539642761625,-0.035365,-0.02604,-0.0242015,-0.0217105,-0.012562,-0.2027676803474265,-0.09605994349821308,0.23652590565906406
NIR.1554 nm,60.0,-0.024050283333333335,0.005074100020698892,-0.035059,-0.026029749999999997,-0.024231000000000003,-0.02136575,-0.011408,-0.21097880429817079,0.024021747862217033,0.24748122894438307
NIR.1556 nm,60.0,-0.02282138333333333,0.005169907690523215,-0.034246,-0.024475999999999998,-0.0228195,-0.019899,-0.010164,-0.226537875246675,-0.13899795877602178,0.2121971838340908
NIR.1558 nm,60.0,-0.02214595,0.005132978090952989,-0.033668,-0.02394975,-0.022197,-0.0192105,-0.009194,-0.23177953941704865,-0.04808208325420316,0.383816525780853
NIR.1560 nm,60.0,-0.021820400000000004,0.004991174883596453,-0.032814,-0.023608,-0.021938,-0.0191365,-0.009642,-0.22873892704058826,-0.03432590085315015,0.33409554670178343
NIR.1562 nm,60.0,-0.0209044,0.005029556765860879,-0.031468,-0.023261999999999998,-0.0215135,-0.01790275,-0.00796,-0.2405979968743843,0.13629886597082372,0.34812899617281934
NIR.1564 nm,60.0,-0.020044383333333336,0.00518912551037546,-0.031183,-0.02228625,-0.020035999999999998,-0.017133000000000002,-0.006697,-0.258881773715935,0.001117507501703438,0.3737376872457774
NIR.1566 nm,60.0,-0.019889716666666668,0.005369194574234454,-0.031824,-0.02207375,-0.020135,-0.01683375,-0.005367,-0.2699482684553636,0.07552309916287586,0.5358089623960889
NIR.1568 nm,60.0,-0.01826651666666667,0.005419335178726126,-0.029998,-0.02040275,-0.018236500000000003,-0.0148745,-0.003432,-0.2966813693940621,0.04831443883151947,0.5074919571323653
NIR.1570 nm,60.0,-0.01688748333333333,0.005025856113905731,-0.028305,-0.01875375,-0.0172695,-0.01412725,-0.002665,-0.2976083537554381,0.08351770987917113,0.772203848549311
NIR.1572 nm,60.0,-0.016298983333333333,0.0049133180734858735,-0.026218,-0.0187605,-0.016992,-0.01378775,-0.001307,-0.30144935871169104,0.5075182087040625,0.9985505410396782
NIR.1574 nm,60.0,-0.01515565,0.005190469195423865,-0.025919,-0.017494750000000003,-0.0153575,-0.012373750000000001,-0.000406,-0.34247750478691874,0.26975689401620423,0.6346926251209934
NIR.1576 nm,60.0,-0.013493033333333333,0.005273288643485593,-0.025256,-0.0155275,-0.0137185,-0.0103965,0.0013,-0.3908156537684084,0.21211667591021047,0.554897073402083
NIR.1578 nm,60.0,-0.011084100000000001,0.00526346869485275,-0.021908,-0.0134255,-0.0110785,-0.00794775,0.003107,-0.4748665832005079,0.14442347629989824,0.30676348393883934
NIR.1580 nm,60.0,-0.009637616666666666,0.0051099508773773,-0.020491,-0.01196125,-0.009582,-0.0065125,0.003075,-0.5302089773969672,0.051942129652800643,0.13863883165048252
NIR.1582 nm,60.0,-0.007653966666666667,0.005032489433389318,-0.018085,-0.010251,-0.0075185,-0.00434975,0.004513,-0.6575008296424927,0.15154964466328902,0.08425678032908035
NIR.1584 nm,60.0,-0.0060975833333333325,0.0050572449734763115,-0.016847,-0.0087755,-0.005726,-0.00276425,0.005481,-0.8293851345712885,0.06336740340564459,0.030411710413480897
NIR.1586 nm,60.0,-0.002146566666666667,0.005063403954421345,-0.01319,-0.00469825,-0.0021355000000000002,0.0015515,0.010048,-2.3588384339742583,0.08411958030633185,0.11132437541645679
NIR.1588 nm,60.0,-0.0009364499999999999,0.005084518634366516,-0.011642,-0.003546,-0.0008964999999999999,0.0026635,0.011528,-5.429567659102479,0.05566586132174743,0.07680549040307572
NIR.1590 nm,60.0,0.0013789666666666664,0.005038595095980916,-0.009077,-0.0010869999999999999,0.001424,0.0047877499999999995,0.014357,3.6538918726444316,0.14630249478842863,0.20271955975977818
NIR.1592 nm,60.0,0.0035999000000000005,0.00497292803868768,-0.007098,0.00104075,0.003719,0.007042,0.015642,1.3814072720596904,-0.00931480617216581,-0.012784998923735191
NIR.1594 nm,60.0,0.0063632,0.004954169200561948,-0.004308,0.00359425,0.006643,0.009870499999999999,0.018304,0.7785656903070699,0.05238959549607309,0.0455796958068162
NIR.1596 nm,60.0,0.00923401666666667,0.00499651517709811,-0.001716,0.00653575,0.009298,0.01250075,0.020612,0.5410987826277955,-0.017109855727997593,-0.0427560684862347
NIR.1598 nm,60.0,0.012245599999999999,0.005071561038054443,0.000887,0.009523,0.012371,0.01597875,0.02247,0.41415373996002186,-0.18730352995799093,-0.23681732189318572
NIR.1600 nm,60.0,0.015792216666666668,0.004696110132438197,0.00559,0.01332875,0.0155005,0.01938625,0.026069,0.2973686488452559,0.022113884525093795,-0.24635137482453473
NIR.1602 nm,60.0,0.019823200000000003,0.004750037248025232,0.009131,0.0170905,0.019805,0.0238315,0.029714,0.23962010412169737,-0.13825119847546183,-0.3728141956176594
NIR.1604 nm,60.0,0.024491283333333332,0.0048826267732130805,0.014178,0.022206999999999998,0.024128999999999998,0.0284775,0.034281,0.19936181811133133,-0.1264810903392034,-0.36175502497132284
NIR.1606 nm,60.0,0.02936763333333333,0.00465632335489179,0.018977,0.027033,0.029156500000000002,0.03305025,0.039133,0.15855289740377868,-0.08457413048744408,-0.3975370825867883
NIR.1608 nm,60.0,0.035305866666666665,0.004660935075554161,0.024522,0.03270225,0.034718,0.039236,0.045228,0.13201588052091892,-0.08001287197242685,-0.4287650921473056
NIR.1610 nm,60.0,0.04160096666666667,0.004804034332025204,0.031215,0.0388845,0.040749,0.04551,0.051833,0.11547891111565205,0.0852771239716937,-0.4222685374411852
NIR.1612 nm,60.0,0.04957331666666667,0.004787147650411062,0.03846,0.0465665,0.0492555,0.05341375,0.059517,0.09656702380032527,-0.07703025446681798,-0.40932087712823373
NIR.1614 nm,60.0,0.05900468333333333,0.004716083988454637,0.048234,0.0559855,0.0581085,0.062808,0.069594,0.07992728241268934,0.014232756370073433,-0.4246444253623105
NIR.1616 nm,60.0,0.07020325,0.004787846356458281,0.058908,0.06711925,0.069272,0.0738575,0.081145,0.06819978215336586,-0.01732484453438215,-0.4903379733469282
NIR.1618 nm,60.0,0.08479455000000001,0.004619123625240424,0.074211,0.0815555,0.084135,0.08883925000000001,0.09624,0.0544742984689514,0.028527154169148118,-0.48208286190972727
NIR.1620 nm,60.0,0.10201123333333335,0.00438638100459982,0.091735,0.09877,0.10164000000000001,0.10532425000000001,0.112862,0.042998999828448486,0.10614588592551609,-0.32626766535393736
NIR.1622 nm,60.0,0.12117421666666667,0.004259410081266593,0.112143,0.11809975,0.121089,0.123984,0.131164,0.03515112536674064,0.302129926343099,-0.16730887916957027
NIR.1624 nm,60.0,0.14271291666666666,0.004792420305312168,0.131963,0.139512,0.14224,0.1459125,0.153401,0.03358084479841291,0.1890060439676768,-0.11688324029880404
NIR.1626 nm,60.0,0.16760943333333336,0.005461956864722606,0.155246,0.16367975,0.1668235,0.171629,0.180674,0.0325874072604263,0.19297760118419727,0.02000586681194738
NIR.1628 nm,60.0,0.1934092,0.006120796524547703,0.177334,0.18937025,0.19353199999999998,0.197274,0.207184,0.03164687369860226,-0.16400286453841997,0.37907471245158986
NIR.1630 nm,60.0,0.22018326666666665,0.008497638030486776,0.196926,0.21436425,0.220077,0.22631775,0.237207,0.03859347787473455,-0.25519522301303876,0.2045087028102972
NIR.1632 nm,60.0,0.24602489999999996,0.009966984778911364,0.217418,0.23926624999999999,0.246299,0.25321625000000003,0.26414,0.04051209767349307,-0.5471269104119154,0.5643965083568472
NIR.1634 nm,60.0,0.26656463333333336,0.011674597916302926,0.232281,0.2588865,0.266776,0.27583125,0.28788,0.043796499821880316,-0.5183432840178935,0.44851528988053424
NIR.1636 nm,60.0,0.2835420333333333,0.012620284562542479,0.243012,0.276121,0.28413,0.29226725,0.307191,0.04450939571173215,-0.6536818170807323,0.9658076018655941
NIR.1638 nm,60.0,0.29728661666666667,0.013463995297052044,0.251502,0.2905665,0.29735500000000004,0.30526075,0.324407,0.04528961124458751,-0.7626758052940269,1.4736752036468252
NIR.1640 nm,60.0,0.3075249166666667,0.01409999280357031,0.257508,0.30277425,0.308739,0.31443075,0.337648,0.04584991992324841,-0.898584072941368,2.1380663670795665
NIR.1642 nm,60.0,0.3144324,0.015336401902950172,0.259743,0.31005774999999997,0.316353,0.32390474999999996,0.348812,0.048774877852759996,-0.8512839706860034,2.3482801388106744
NIR.1644 nm,60.0,0.3197210833333334,0.0168734589827867,0.263141,0.31048549999999997,0.3218065,0.32946074999999997,0.361441,0.05277555926831026,-0.6227345682400532,1.9228580586679818
NIR.1646 nm,60.0,0.32298891666666674,0.01810146920368402,0.263725,0.31061774999999997,0.3249565,0.33372475,0.3689,0.056043623386511504,-0.5023948763433843,1.5175417917022451
NIR.1648 nm,60.0,0.32955796666666665,0.018727473687359285,0.268521,0.31730025,0.33191899999999996,0.34100275,0.376783,0.056826038456237044,-0.5156642893795368,1.5376180766557526
NIR.1650 nm,60.0,0.34012998333333333,0.019620676588216285,0.276562,0.32753575,0.342854,0.35196475,0.388469,0.0576858188035357,-0.5602893469442077,1.4253426676827519
NIR.1652 nm,60.0,0.35671658333333334,0.020284960669565498,0.289492,0.3447325,0.3596425,0.36817175,0.406013,0.05686576295391976,-0.6092112772902714,1.6324441480712957
NIR.1654 nm,60.0,0.3815240833333334,0.021973303350010482,0.309956,0.368083,0.3847925,0.39447825,0.436742,0.05759348966396087,-0.5807839829036534,1.5742549120199087
NIR.1656 nm,60.0,0.4159217333333334,0.02522057023634334,0.336304,0.39969975,0.41971349999999996,0.4310485,0.481909,0.060637779214414704,-0.4995972298812847,1.3613229705244794
NIR.1658 nm,60.0,0.4633892833333333,0.02943429192089498,0.370108,0.446466,0.468416,0.483906,0.532414,0.0635195784183075,-0.6488762932287118,1.0976205725981223
NIR.1660 nm,60.0,0.5190965166666667,0.033757245286585524,0.412838,0.5009859999999999,0.5261815,0.54058825,0.597198,0.06503076827283441,-0.6259232375151155,1.1235136045032683
NIR.1662 nm,60.0,0.5855507166666667,0.038750998945283256,0.464496,0.564391,0.5914619999999999,0.6094229999999999,0.674776,0.06617872345179424,-0.5714389438856482,1.0426979634953812
NIR.1664 nm,60.0,0.6649719500000001,0.04616726110620279,0.526094,0.638033,0.669626,0.69315925,0.770825,0.06942738126954495,-0.5177362318300366,0.8441574175121151
NIR.1666 nm,60.0,0.7446526833333332,0.05080594131361439,0.592885,0.71531575,0.751726,0.7778615,0.85512,0.06822770192163778,-0.6193283285419265,0.7193124694432615
NIR.1668 nm,60.0,0.8256057499999998,0.054123251291162015,0.660242,0.7984052500000001,0.8319935,0.86175675,0.941241,0.06555580710425288,-0.6375304953881443,0.7592433322242966
NIR.1670 nm,60.0,0.9079882999999999,0.05473617918500415,0.740544,0.8763259999999999,0.9178565000000001,0.9433692499999999,1.018386,0.060282912439515085,-0.7837127624552257,0.8662319115005315
NIR.1672 nm,60.0,0.9811826999999999,0.0519711074446862,0.811414,0.9564585,0.9894270000000001,1.01230775,1.085868,0.05296781878103457,-0.8939112742125264,1.3701139177561887
NIR.1674 nm,60.0,1.0496952,0.05089778183898402,0.882708,1.0117115,1.0589165,1.0820107499999998,1.154782,0.048488153360122084,-0.9957091267514256,1.5336472012652203
NIR.1676 nm,60.0,1.1048752666666666,0.0457512425712028,0.947239,1.0813549999999998,1.1122475,1.134515,1.197729,0.041408513658950104,-1.1984816494878927,2.312739428459048
NIR.1678 nm,60.0,1.149677566666667,0.03976701543305842,1.007899,1.1274525,1.1588794999999998,1.1756924999999998,1.22298,0.034589711573095615,-1.2944357306002012,2.497493672985295
NIR.1680 nm,60.0,1.181451016666667,0.03525509361515407,1.06657,1.1625225,1.192329,1.202858,1.25425,0.02984050385315373,-1.046626913655243,1.6625429457848573
NIR.1682 nm,60.0,1.2069865833333335,0.029239511506904986,1.107501,1.1953770000000001,1.21158,1.2240795,1.276561,0.024225216676522002,-0.9547818927319268,2.158638387519425
NIR.1684 nm,60.0,1.2174109166666665,0.02599335528344202,1.147547,1.2032525,1.2226154999999999,1.2368014999999999,1.268445,0.021351340724472194,-0.6681344070191934,0.6347504577991541
NIR.1686 nm,60.0,1.2385528166666668,0.024969312235385895,1.16277,1.22930425,1.2413475,1.250887,1.293267,0.020160070607716293,-0.5367686503066348,1.362149476378082
NIR.1688 nm,60.0,1.2538393166666666,0.0260278752810095,1.170451,1.24544525,1.2571945,1.2695349999999999,1.300765,0.02075854133383266,-1.496853732681529,3.0081533220432726
NIR.1690 nm,60.0,1.2632547666666671,0.03552301652252926,1.159782,1.2599782499999999,1.2738345,1.2860212500000001,1.316014,0.02812023153196829,-1.4250600465764214,1.3293249149400839
NIR.1692 nm,60.0,1.2642127166666666,0.03815940112928242,1.16857,1.23319575,1.2772105,1.2924687499999998,1.313725,0.03018431995360466,-0.8827592088607814,-0.2872518059133635
NIR.1694 nm,60.0,1.2324700666666668,0.0365267757028966,1.148061,1.212826,1.2241455,1.242227,1.316089,0.029637048956236933,0.6341032573485492,0.4963425169595941
NIR.1696 nm,60.0,1.2261628166666665,0.030396580490380683,1.162526,1.2150462499999999,1.2279015,1.2377932500000002,1.324185,0.024790003478505435,0.5026348061960588,2.091527905429061
NIR.1698 nm,60.0,1.2190366166666666,0.027403807699730075,1.117087,1.2149675,1.2238574999999998,1.23529525,1.264217,0.022479888893463296,-1.685567060846768,3.6683325345495406
NIR.1700 nm,60.0,1.2016608333333336,0.02826930504692605,1.095777,1.19076925,1.2016935,1.2192535,1.254192,0.023525194682853006,-0.9258526023876245,2.5438752177530177
