,0
AADK_at,0
AAPA_at,0
ABFA_at,0
ABH_at,0
ABNA_at,0
ABRB_at,0
ACCA_at,0
ACCB_at,0
ACCC_at,0
ACDA_at,0
ACKA_at,0
ACOA_at,0
ACOB_at,0
ACOC_at,0
ACOL_at,0
ACOR_at,0
ACPA_at,0
ACSA_at,0
ACUA_at,0
ACUB_at,0
ACUC_at,0
ADAA_at,0
ADAB_at,0
ADDA_at,0
ADDB_at,0
ADEC_at,0
ADHA_at,0
ADHB_at,0
ADK_at,0
AHPC_at,0
AHPF_at,0
AHRC_at,0
ALAS_at,0
ALD_at,0
ALDX_at,0
ALDY_at,0
ALKA_at,0
ALSD_at,0
ALSR_at,0
ALSS_at,0
ALST_at,0
AMHX_at,0
AMPS_at,0
AMYC_at,0
AMYD_at,0
AMYE_at,0
AMYX_at,0
ANSA_at,0
ANSB_at,0
ANSR_at,0
APPA_at,0
APPB_at,0
APPC_at,0
APPD_at,0
APPF_at,0
APRE_at,0
APRX_at,0
APT_at,0
ARAA_at,0
ARAB_at,0
ARAD_at,0
ARAE_at,0
ARAL_at,0
ARAM_at,0
ARAN_at,0
ARAP_at,0
ARAQ_at,0
ARAR_at,0
ARGB_at,0
ARGC_at,0
ARGD_at,0
ARGE_at,0
ARGF_at,0
ARGG_at,0
ARGH_at,0
ARGJ_at,0
ARGS_at,0
AROA_at,0
AROB_at,0
AROC_at,0
AROD_at,0
AROE_at,0
AROF_at,0
AROH_at,0
AROI_at,0
arsB_at,0
arsC_at,0
arsR_at,0
ASD_at,0
ASK_r_at,0
ASNB_at,0
ASNH_at,0
ASNS_at,0
ASPB_at,0
ASPS_at,0
ATPA_at,0
ATPB_at,0
ATPC_at,0
ATPD_at,0
ATPE_at,0
ATPF_at,0
ATPG_at,0
ATPH_at,0
ATPI_at,0
AZLB_at,0
AZLC_at,0
AZLD_at,0
bcd_at,0
BCSA_at,0
BEX_at,0
BFMBAA_at,0
BFMBAB_at,0
BFMBB_at,0
BGLA_at,0
BGLC_at,0
BGLH_at,0
BGLP_at,0
BGLS_at,0
bhlA_i_at,0
bhlB_at,0
BIOA_at,0
BIOB_at,0
BIOD_at,0
BIOF_at,0
BIOI_at,0
BIOW_at,0
BIRA_s_at,0
bkdR_at,0
BLT_at,0
BLTD_at,0
BLTR_at,0
blyA_at,0
BMR_at,0
BMRR_at,0
BMRU_at,0
BOFA_at,0
BOFC_at,0
BPR_at,0
BRAB_at,0
BRNQ_at,0
BSAA_at,0
CAH_at,0
CARA_at,0
CARB_at,0
cca_at,0
CCCA_at,0
CCCB_at,0
CCDA_at,0
CCPA_at,0
ccpB_at,0
CDD_at,0
CDSA_at,0
CGEA_at,0
CGEB_at,0
CGEC_at,0
CGED_at,0
CGEE_at,0
CHEA_at,0
CHEB_at,0
CHEC_at,0
CHED_at,0
CHER_at,0
CHEV_at,0
CHEW_at,0
CHEY_at,0
CINA_at,0
CITA_at,0
CITB_at,0
CITC_at,0
CITG_at,0
CITH_at,0
CITM_at,0
CITR_at,0
CITS_at,0
CITT_at,0
CITZ_at,0
CLPC_at,0
CLPE_at,0
CLPP_at,0
CLPQ_at,0
CLPX_at,0
CLPY_at,0
CMK_at,0
CODV_at,0
CODY_at,0
COMA_at,0
COMC_at,0
COMEA_at,0
COMEB_at,0
COMEC_at,0
COMER_at,0
COMFA_at,0
COMFB_at,0
COMFC_at,0
COMGA_at,0
COMGB_at,0
COMGC_at,0
COMGD_at,0
COMGE_at,0
COMGF_at,0
COMGG_at,0
COMK_at,0
COMP_at,0
COMQ_at,0
COMX_at,0
COTA_at,0
COTB_at,0
COTC_i_at,0
COTD_at,0
COTE_at,0
COTF_at,0
COTG_at,0
COTH_at,0
COTJA_at,0
COTJB_at,0
COTJC_at,0
COTK_at,0
COTL_r_at,0
COTM_at,0
cotSA_at,0
COTS_at,0
COTT_at,0
COTV_at,0
COTW_at,0
COTX_at,0
COTY_at,0
COTZ_at,0
CRH_at,0
CSAA_at,0
CSBA_at,0
CSBB_at,0
csbC_at,0
csbD_i_at,0
CSBX_at,0
CSFB_i_at,0
CSGA_at,0
CSN_at,0
CSPB_at,0
CSPC_at,0
CSPD_at,0
CSPR_at,0
CSRA_at,0
CSTA_at,0
CTAA_at,0
CTAB_at,0
CTAC_at,0
CTAD_at,0
CTAE_at,0
CTAF_at,0
CTAG_at,0
CTC_at,0
CTPA_at,0
CTRA_at,0
CTSR_at,0
CWLA_at,0
CWLC_at,0
CWLD_at,0
CWLJ_at,0
CYDA_at,0
CYDB_at,0
CYDC_at,0
CYDD_at,0
CYPA_at,0
CYPX_at,0
CYSE_at,0
CYSH_at,0
CYSK_at,0
CYSS_at,0
CZCD_at,0
DACA_at,0
DACB_at,0
dacC_at,0
DACF_at,0
DAL_at,0
DAPA_at,0
DAPB_at,0
DAPG_at,0
DAT_at,0
DDLA_at,0
DEAD_at,0
DEF_at,0
DEGA_at,0
DEGQ_r_at,0
DEGR_r_at,0
DEGS_at,0
DEGU_at,0
DEOD_at,0
DEOR_at,0
des_at,0
DFRA_at,0
DGKA_at,0
DHAS_at,0
DHBA_at,0
DHBB_at,0
DHBC_at,0
DHBE_at,0
DHBF_at,0
DINB_at,0
DING_at,0
DIVIB_at,0
DIVIC_at,0
DIVIVA_at,0
DLTA_at,0
DLTB_at,0
DLTC_at,0
DLTD_at,0
DLTE_at,0
DNAA_at,0
DNAB_at,0
DNAC_at,0
DNAD_at,0
DNAE_at,0
DNAG_at,0
DNAI_at,0
DNAJ_at,0
DNAK_at,0
DNAN_at,0
DNAX_at,0
DPPA_at,0
DPPB_at,0
DPPC_at,0
DPPD_at,0
DPPE_at,0
DPS_at,0
DRA_at,0
DRM_at,0
EAG_at,0
EBRA_at,0
EBRB_at,0
ECSA_at,0
ECSB_at,0
ECSC_at,0
EFP_at,0
ENO_at,0
EPR_at,0
ETFA_at,0
ETFB_at,0
EXOA_at,0
EXPZ_at,0
exuR_at,0
exuT_at,0
FABD_at,0
FABG_at,0
FBAA_at,0
FBP_at,0
FER_at,0
FEUA_at,0
FEUB_at,0
FEUC_at,0
FFH_at,0
FHUB_at,0
FHUC_at,0
FHUD_at,0
FHUG_at,0
FLGB_at,0
FLGC_at,0
FLGE_at,0
FLGK_at,0
FLGL_at,0
FLGM_at,0
FLHA_at,0
FLHB_at,0
FLHF_at,0
FLHO_at,0
FLHP_at,0
FLID_at,0
FLIE_at,0
FLIF_at,0
FLIG_at,0
FLIH_at,0
FLII_at,0
FLIJ_at,0
FLIK_at,0
FLIL_at,0
FLIM_at,0
FLIP_at,0
FLIQ_at,0
FLIR_at,0
FLIS_at,0
FLIT_at,0
FLIY_at,0
FLIZ_at,0
FMT_at,0
FNR_at,0
FOLA_at,0
FOLC_at,0
FOLD_at,0
FOLK_at,0
FRR_at,0
FRUA_at,0
FRUB_at,0
FRUR_at,0
FTSA_at,0
FTSE_at,0
FTSH_at,0
FTSL_at,0
FTSX_at,0
FTSY_at,0
FTSZ_at,0
fur_at,0
FUS_at,0
GABP_at,0
GALE_at,0
GALK_at,0
GALT_at,0
GAP129A-F_at,0
GAP136-F_at,0
GAP181-F_at,0
GAP229-F_at,0
GAP275-R_at,0
GAP317-F_at,0
GAP68D-R_at,0
GAP83-R_at,0
GAP_at,0
GAPB_at,0
gatA_at,0
gatB_at,0
gatC_at,0
GBSA_at,0
GBSB_at,0
GCAD_at,0
GDH_at,0
GERAA_at,0
GERAB_at,0
GERAC_at,0
GERBA_at,0
GERBB_at,0
GERBC_at,0
GERCA_at,0
GERCB_at,0
GERCC_at,0
GERD_at,0
GERE_at,0
GERKA_at,0
GERKB_at,0
GERKC_at,0
GERM_at,0
GGAA_at,0
GGAB_at,0
GGT_at,0
GIDA_at,0
GID_at,0
GIDB_at,0
GLCK_at,0
glcP_at,0
GLCR_at,0
GLCT_at,0
GLGA_at,0
GLGB_at,0
GLGC_at,0
GLGD_at,0
GLGP_at,0
GLMS_at,0
GLNA_at,0
GLNH_at,0
GLNM_at,0
GLNP_at,0
GLNQ_at,0
GLNR_at,0
GLPD_at,0
GLPF_at,0
GLPK_at,0
GLPP_at,0
GLPQ_at,0
GLPT_at,0
GLTA_at,0
GLTB_at,0
GLTC_at,0
GLTP_at,0
GLTR_at,0
GLTT_at,0
GLTX_at,0
GLVA_at,0
GLVC_at,0
GLYA_at,0
GLYQ_at,0
GLYS_at,0
GNTK_at,0
GNTP_at,0
GNTR_at,0
GNTZ_at,0
goxB_at,0
GPR_at,0
GPSA_at,0
GREA_at,0
GROEL_at,0
GROES_at,0
GRPE_at,0
GSAB_at,0
GSIB_at,0
GSPA_at,0
GTAB_at,0
GUAA_at,0
GUAB_at,0
gudB_at,0
GUTB_at,0
GUTR_at,0
GYRA_at,0
GYRB_at,0
HAG_at,0
HBS_at,0
HEMA_at,0
HEMB_at,0
HEMC_at,0
HEMD_at,0
HEME_at,0
HEMH_at,0
HEML_at,0
HEMN_at,0
HEMX_at,0
HEMY_at,0
HIPO_at,0
HISA_at,0
HISB_at,0
HISC_at,0
HISD_at,0
HISF_at,0
HISG_at,0
HISH_at,0
HISI_at,0
hisJ_at,0
HISP_at,0
HISS_at,0
HISZ_at,0
HIT_at,0
HMP_at,0
HOLB_at,0
HOM_at,0
HPR_at,0
hprK_at,0
hprP_at,0
HPRT_at,0
HRCA_at,0
HTPG_at,0
HTRA_at,0
HUTG_at,0
HUTH_at,0
HUTI_at,0
HUTM_at,0
HUTP_at,0
HUTU_at,0
ILES_at,0
ILVA_at,0
ILVB_at,0
ILVC_at,0
ILVD_at,0
ILVN_at,0
INFA_at,0
INFB_at,0
INFC_at,0
IOLA_at,0
IOLB_at,0
IOLC_at,0
IOLD_at,0
IOLE_at,0
IOLF_at,0
IOLG_at,0
IOLH_at,0
IOLI_at,0
IOLJ_at,0
IOLR_at,0
IOLS_at,0
IPI_at,0
ISPA_at,0
ISPU_at,0
JAG_at,0
KAPB_at,0
KAPD_at,0
KATA_at,0
KATB_at,0
KATX_at,0
KBAA_at,0
KBL_at,0
KDGA_at,0
KDGK_at,0
KDGR_at,0
KDGT_at,0
KDUD_at,0
KDUI_at,0
KINA_at,0
KINB_at,0
KINC_at,0
kipR_at,0
KSGA_at,0
LACA_at,0
LACR_at,0
LCFA_at,0
LCTE_at,0
LCTP_at,0
LEPA_at,0
LEUA_at,0
LEUB_at,0
LEUC_at,0
LEUD_at,0
LEUS_at,0
LEVD_at,0
LEVE_at,0
LEVF_at,0
LEVG_at,0
LEVR_at,0
LEXA_at,0
LGT_at,0
LICA_at,0
LICB_at,0
LICC_at,0
LICH_at,0
LICR_at,0
LICT_at,0
LIPA_at,0
LIPB_at,0
LMRA_at,0
LMRB_at,0
LONA_at,0
LONB_at,0
LPLA_at,0
LPLB_at,0
LPLC_at,0
LPLD_at,0
LRPA_at,0
LRPB_at,0
LRPC_at,0
LSP_at,0
LYSA_at,0
LYSC_at,0
LYSS_at,0
LYTA_at,0
LYTB_at,0
LYTC_at,0
LYTD_at,0
LYTE_at,0
lytF_at,0
LYTR_at,0
LYTS_at,0
LYTT_at,0
MAF_at,0
malL_at,0
MALS_at,0
MAP_at,0
MBL_at,0
MCPA_at,0
MCPB_at,0
MCPC_at,0
MDR_at,0
MECA_at,0
MED_at,0
MELA_at,0
MENB_at,0
menC_at,0
MEND_at,0
MENE_at,0
MENF_at,0
METB_at,0
METC_at,0
METK_at,0
METS_at,0
MFD_at,0
MIAA_at,0
MINC_at,0
MIND_at,0
MMGA_at,0
MMGB_at,0
MMGC_at,0
MMGD_at,0
MMGE_at,0
MMR_at,0
MOAB_at,0
MOAD_at,0
MOAE_at,0
MOBA_at,0
MOBB_at,0
MOEA_at,0
MOEB_at,0
MOTA_at,0
MOTB_at,0
MPR_at,0
MRAY_at,0
MREB_at,0
MREBH_at,0
MREC_at,0
MRED_at,0
MRGA_at,0
mrpA_at,0
mrpB_at,0
mrpC_at,0
mrpD_at,0
mrpF_at,0
mrpG_at,0
MSME_at,0
MSMR_at,0
MSMX_at,0
msrA_at,0
MTA_at,0
MTBP_at,0
MTLA_at,0
MTLD_at,0
MTRA_at,0
MTRB_at,0
MURA_at,0
MURB_at,0
MURC_at,0
MURD_at,0
MURE_at,0
MURF_at,0
MURG_at,0
MURZ_at,0
MUTL_at,0
MUTM_at,0
MUTS_at,0
MUTT_at,0
NADA_at,0
NADB_at,0
NADC_at,0
NADE_at,0
NAGA_at,0
NAGB_at,0
NAP_at,0
NARA_at,0
NARG_at,0
NARH_at,0
NARI_at,0
NARJ_at,0
NARK_at,0
NARQ_at,0
NASA_at,0
NASB_at,0
NASC_at,0
NASD_at,0
NASE_at,0
NASF_at,0
NATA_at,0
NATB_at,0
NDHF_at,0
NDK_at,0
nfrA_at,0
NIFS_at,0
NIFZ_at,0
NIN_at,0
NPRB_at,0
NPRE_at,0
NRDE_at,0
NRDF_at,0
NRGA_at,0
NRGB_at,0
NTH_at,0
NUCA_at,0
NUCB_at,0
NUPC_at,0
NUSA_at,0
NUSG_at,0
OBG_s_at,0
ODHA_at,0
ODHB_at,0
OPPA_at,0
OPPB_at,0
OPPC_at,0
OPPD_at,0
OPPF_at,0
OPUAA_at,0
OPUAB_at,0
OPUAC_at,0
OPUBA_at,0
OPUBB_at,0
OPUBC_at,0
OPUBD_at,0
OPUCA_at,0
OPUCB_at,0
OPUCC_at,0
OPUCD_at,0
OPUD_at,0
OPUE_at,0
PABA_at,0
PABB_at,0
PABC_at,0
PADC_at,0
PAIA_at,0
PAIB_at,0
PANB_at,0
PANC_at,0
PAND_at,0
parC_at,0
parE_at,0
PATA_at,0
PATB_at,0
PBPA_at,0
PBPB_at,0
PBPC_at,0
PBPD_at,0
PBPE_at,0
PBPF_at,0
PBPX_at,0
PBUX_at,0
PCKA_at,0
PCP_at,0
pcrA_at,0
PDHA_at,0
PDHB_at,0
PDHC_at,0
PDHD_at,0
PDP_at,0
PEL_at,0
PELB_at,0
PENP_at,0
PEPT_at,0
perR_at,0
PFK_at,0
PGI_at,0
PGK_at,0
PGM_at,0
PGSA_at,0
PHEA_s_at,0
PHEB_s_at,0
PHES_at,0
PHET_at,0
PHOA_at,0
PHOB_at,0
PHOD_at,0
PHOH_at,0
PHOP_at,0
PHOR_at,0
PHRA_at,0
PHRC_at,0
PHRE_at,0
PHRF_at,0
PHRG_i_at,0
PHRI_r_at,0
PHRK_at,0
PKSA_at,0
PKSB_at,0
PKSC_at,0
PKSD_at,0
PKSE_at,0
PKSF_at,0
PKSG_at,0
PKSH_at,0
PKSI_at,0
PKSJ_at,0
PKSL_at,0
PKSM_at,0
PKSN_at,0
PKSR_at,0
PKSS_at,0
PLSX_at,0
PMI_at,0
PNBA_at,0
PNPA_at,0
PNP_at,0
POLA_at,0
POLC_at,0
PONA_at,0
PPIB_at,0
PPSA_at,0
PPS_at,0
PPSB_at,0
PPSC_at,0
PPSD_at,0
PPSE_at,0
PRFA_at,0
PRFB_at,0
PRIA_at,0
PRKA_at,0
PROA_at,0
PROB_at,0
PROH_at,0
PROJ_at,0
PROS_at,0
PRSA_at,0
PRS_at,0
PSD_at,0
PSSA_at,0
PTA_at,0
PTSG_at,0
PTSH_at,0
PTSI_at,0
PURA_at,0
PURB_at,0
PURC_at,0
PURD_at,0
PURE_at,0
PURF_at,0
PURH_at,0
PURK_at,0
PURL_at,0
PURM_at,0
PURN_at,0
PURQ_at,0
PURR_at,0
PURT_at,0
PYCA_at,0
PYKA_at,0
PYRAA_at,0
PYRAB_at,0
PYRB_at,0
PYRC_at,0
PYRD_at,0
PYRDII_at,0
PYRE_at,0
PYRF_at,0
PYRP_at,0
PYRR_at,0
QCRA_at,0
QCRB_at,0
QCRC_at,0
QOXA_at,0
QOXB_at,0
QOXC_at,0
QOXD_at,0
QUEA_at,0
RACE_at,0
RACX_at,0
RAPA_at,0
RAPB_at,0
RAPC_at,0
RAPD_at,0
RAPE_at,0
RAPF_at,0
RAPG_at,0
RAPH_at,0
RAPI_at,0
RAPJ_at,0
RAPK_at,0
RBFA_at,0
RBSA_at,0
RBSB_at,0
RBSC_at,0
RBSD_at,0
RBSK_at,0
RBSR_at,0
RECA_at,0
RECF_at,0
RECN_at,0
recO_at,0
RECR_at,0
recS_at,0
recU_at,0
RELA_at,0
RESA_at,0
RESB_at,0
RESC_at,0
RESD_at,0
RESE_at,0
RHO_at,0
RIBA_at,0
RIBB_at,0
RIBC_at,0
RIBG_at,0
RIBH_at,0
RIBR_at,0
RIBT_at,0
RIPX_at,0
rluB_at,0
RNCS_at,0
rnhB_at,0
rnhC_at,0
RNPA_at,0
ROCA_at,0
ROCB_at,0
ROCC_at,0
ROCD_at,0
ROCE_at,0
ROCF_at,0
rocG_at,0
ROCR_at,0
rodA_at,0
RPH_at,0
RPLA_at,0
RPLB_at,0
RPLC_at,0
RPLD_at,0
RPLE_at,0
RPLF_at,0
RPLI_at,0
RPLJ_at,0
RPLK_at,0
RPLL_at,0
RPLM_at,0
RPLN_at,0
RPLO_at,0
RPLP_at,0
RPLQ_at,0
RPLR_at,0
RPLS_at,0
RPLT_at,0
RPLU_at,0
RPLV_at,0
RPLW_at,0
RPLX_at,0
RPMA_at,0
RPMB_at,0
RPMC_at,0
RPMD_at,0
RPME_at,0
RPMF_at,0
RPMG_at,0
RPMH_at,0
RPMI_at,0
RPMJ_i_at,0
RPOA_at,0
RPOB_at,0
RPOC_at,0
RPOE_at,0
RPSB_at,0
RPSC_at,0
RPSD_at,0
RPSE_at,0
RPSF_at,0
RPSG_at,0
RPSH_at,0
RPSI_at,0
RPSJ_at,0
RPSK_at,0
RPSL_at,0
RPSM_at,0
RPSN_at,0
RPSO_at,0
RPSP_at,0
RPSQ_at,0
RPSR_at,0
RPSS_at,0
RPST_at,0
RPSU_at,0
RSBR_at,0
RSBS_at,0
RSBT_at,0
RSBU_at,0
RSBV_at,0
RSBW_at,0
RSBX_at,0
rsiX_at,0
RTP_at,0
RUVA_at,0
RUVB_at,0
SACA_at,0
SACB_at,0
SACC_at,0
SACP_at,0
SACT_at,0
SACV_r_at,0
SACX_at,0
SACY_at,0
SAPB_at,0
SBCD_at,0
SBO_at,0
SBP_at,0
SDHA_at,0
SDHB_at,0
SDHC_at,0
SECA_at,0
SECE_r_at,0
SECF_at,0
secG_at,0
SECY_at,0
SENS_at,0
SERA_at,0
SERC_at,0
SERS_at,0
SFP_at,0
SIGA_at,0
SIGB_at,0
SIGD_at,0
SIGE_at,0
SIGF_at,0
SIGG_at,0
SIGH_at,0
SIGL_at,0
sigM_at,0
SIGV_at,0
SIGW_at,0
SIGX_at,0
SIGY_at,0
SIGZ_at,0
SINI_at,0
SINR_at,0
SIPS_at,0
SIPT_at,0
SIPU_at,0
SIPV_at,0
SIPW_at,0
SLEB_at,0
SLP_at,0
SLR_at,0
SMBA_at,0
SMC_at,0
SMF_at,0
SMS_at,0
SODA_at,0
SODF_at,0
SOJ_at,0
speA_at,0
speB_at,0
speE_at,0
SPLA_at,0
SPLB_at,0
SPMA_at,0
SPMB_at,0
SPO0A_at,0
SPO0B_s_at,0
SPO0E_at,0
SPO0F_at,0
SPO0J_at,0
spo0M_at,0
SPOIIAA_at,0
SPOIIAB_at,0
SPOIIB_at,0
SPOIID_at,0
SPOIIE_at,0
SPOIIGA_at,0
SPOIIIAA_at,0
SPOIIIAB_at,0
SPOIIIAC_at,0
SPOIIIAD_at,0
SPOIIIAE_at,0
SPOIIIAF_at,0
SPOIIIAG_at,0
SPOIIIAH_at,0
SPOIIIC_at,0
SPOIIID_at,0
SPOIIIE_at,0
SPOIIIJ_at,0
SPOIIM_at,0
SPOIIP_at,0
SPOIIQ_at,0
SPOIIR_at,0
SPOIISA_at,0
SPOIISB_at,0
SPOIVA_at,0
SPOIVB_at,0
SPOIVCA_at,0
SPOIVCB_at,0
SPOIVFA_at,0
SPOIVFB_at,0
SPOVAA_at,0
SPOVAB_at,0
SPOVAC_at,0
SPOVAD_at,0
SPOVAE_at,0
SPOVAF_at,0
SPOVB_at,0
SPOVC_at,0
SPOVD_at,0
SPOVE_at,0
SPOVFA_at,0
SPOVFB_at,0
SPOVG_at,0
SPOVID_at,0
SPOVK_at,0
SPOVM_r_at,0
SPOVR_at,0
SPOVS_at,0
SPOVT_at,0
SPSA_at,0
SPSB_at,0
SPSC_at,0
SPSD_at,0
SPSE_at,0
SPSF_at,0
SPSG_at,0
SPSI_at,0
SPSJ_at,0
SQHC_at,0
SRFAA_at,0
SRFAB_at,0
SRFAC_at,0
SRFAD_at,0
SSB_at,0
SSPA_at,0
SSPB_at,0
SSPC_at,0
SSPD_at,0
SSPE_at,0
SSPF_at,0
sspG_at,0
sspH_at,0
sspI_at,0
sspJ_at,0
sspK_at,0
sspL_at,0
sspM_r_at,0
sspN_at,0
ssuA_at,0
ssuB_at,0
ssuC_at,0
ssuD_at,0
SUCC_at,0
SUCD_at,0
SUL_at,0
SUNA_at,0
SUNT_at,0
TAGA_at,0
TAGB_at,0
TAGC_at,0
TAGD_at,0
TAGE_at,0
TAGF_at,0
TAGG_at,0
TAGH_at,0
TAGO_at,0
tasA_at,0
TDH_at,0
TDK_at,0
TENA_at,0
TENI_at,0
TETB_at,0
TETL_n_at,0
TGL_at,0
TGT_at,0
THDF_at,0
THIA_at,0
THIC_at,0
THID_at,0
THIK_at,0
THRB_s_at,0
THRC_s_at,0
THRS_at,0
THRZ_at,0
THYA_at,0
THYB_at,0
TIG_at,0
TKT_at,0
TLPA_at,0
TLP_at,0
TLPB_at,0
TLPC_at,0
TMK_at,0
TMRB_at,0
TNRA_at,0
TOPA_at,0
TOPB_at,0
TPI_at,0
TREA_at,0
TREP_at,0
TRER_at,0
TRKA_at,0
TRMD_at,0
TRPA_at,0
TRPB_at,0
TRPD_s_at,0
TRPE_at,0
TRPS_at,0
TRUA_at,0
TRUB_at,0
TRXA_at,0
TRXB_at,0
TSF_at,0
TUAA_at,0
TUAB_at,0
TUAC_at,0
TUAD_at,0
TUAE_at,0
TUAF_at,0
TUAG_at,0
TUAH_at,0
TUFA_at,0
TYRA_at,0
TYRS_at,0
TYRZ_at,0
UDK_at,0
UNG_at,0
UPP_at,0
UREA_at,0
UREB_at,0
UREC_at,0
USD_i_at,0
UVRA_at,0
UVRB_at,0
UVRC_at,0
UVRX_at,0
UVRX_g_at,0
uxaA_at,0
uxaB_at,0
uxaC_at,0
uxuA_at,0
VALS_at,0
VEG_at,0
VPR_at,0
WAPA_at,0
WPRA_at,0
xepA_at,0
XHLA_at,0
XHLB_at,0
XKDA_at,0
XKDB_at,0
XKDC_at,0
XKDD_at,0
XKDE_at,0
XKDF_at,0
XKDG_at,0
XKDH_at,0
XKDI_at,0
XKDJ_at,0
XKDK_at,0
XKDM_at,0
XKDN_at,0
XKDO_at,0
XKDP_at,0
XKDQ_at,0
XKDR_at,0
XKDS_at,0
XKDT_at,0
XKDU_at,0
XKDV_at,0
XKDW_at,0
XKDX_at,0
XLYA_at,0
XLYB_at,0
XPAC_at,0
XPF_at,0
XPT_at,0
XRE_at,0
XSA_at,0
XTMA_at,0
XTMB_at,0
XTRA_at,0
XYLA_at,0
XYLB_at,0
XYLR_at,0
XYNA_at,0
XYNB_at,0
XYND_at,0
YAAA_at,0
YAAB_at,0
YAAC_at,0
YAAD_at,0
YAAE_at,0
YAAF_at,0
YAAG_at,0
YAAH_at,0
YAAI_at,0
YAAJ_at,0
YAAK_at,0
YAAL_at,0
YAAN_at,0
YAAO_at,0
YAAQ_at,0
YAAR_at,0
YAAT_at,0
YABA_at,0
YABB_at,0
YABC_at,0
YABD_at,0
YABE_at,0
YABF_at,0
YABG_at,0
YABH_at,0
YABJ_at,0
YABK_at,0
YABM_at,0
YABN_at,0
YABO_at,0
YABP_at,0
YABQ_at,0
YABR_at,0
YABS_at,0
YABT_at,0
YACA_at,0
YACB_at,0
YACC_at,0
YACD_at,0
YACF_at,0
YACH_at,0
YACI_at,0
YACK_at,0
YACL_at,0
YACM_at,0
YACN_at,0
YACO_at,0
YACP_at,0
YAZA_at,0
YAZB_at,0
YAZC_at,0
YBAC_at,0
YBAE_at,0
YBAF_at,0
YBAJ_at,0
YBAK_at,0
YBAL_at,0
YBAN_at,0
YBAR_at,0
YBAS_at,0
YBBA_at,0
YBBB_at,0
YBBC_at,0
YBBD_at,0
YBBE_at,0
YBBF_at,0
YBBH_at,0
YBBI_at,0
YBBJ_at,0
YBBK_at,0
YBBM_at,0
YBBP_at,0
YBBR_at,0
YBBT_at,0
YBBU_at,0
YBCC_at,0
YBCD_at,0
YBCF_at,0
YBCH_at,0
YBCI_at,0
YBCL_at,0
YBCM_at,0
YBCO_at,0
YBCP_at,0
YBCS_at,0
YBCT_at,0
YBDA_at,0
YBDB_at,0
YBDD_at,0
YBDE_at,0
YBDG_at,0
YBDJ_at,0
YBDK_at,0
YBDL_at,0
YBDM_at,0
YBDN_at,0
YBDO_at,0
YBDT_at,0
YBEC_at,0
YBEF_at,0
YBFA_at,0
YBFB_at,0
YBFE_at,0
YBFF_at,0
YBFG_at,0
YBFH_at,0
YBFI_at,0
YBFJ_at,0
YBFK_at,0
YBFM_at,0
YBFN_at,0
YBFO_at,0
YBFP_at,0
YBFQ_at,0
YBFS_at,0
YBFT_at,0
YBGA_at,0
YBGB_at,0
YBGE_at,0
YBGF_at,0
YBGG_at,0
YBGH_at,0
YBGJ_at,0
YBXA_at,0
YBXB_at,0
YBXF_at,0
YBXG_at,0
YBXH_at,0
YBXI_at,0
YBYB_at,0
YCBA_at,0
YCBB_at,0
YCBC_at,0
YCBD_at,0
YCBE_at,0
YCBF_at,0
YCBG_at,0
YCBH_at,0
YCBJ_at,0
YCBK_at,0
YCBL_at,0
YCBM_at,0
YCBN_at,0
YCBO_at,0
YCBP_at,0
YCBR_at,0
YCBT_at,0
YCBU_at,0
YCCC_at,0
YCCF_at,0
YCCG_at,0
YCCH_at,0
YCCK_at,0
YCDA_at,0
YCDB_at,0
YCDC_at,0
YCDD_at,0
YCDF_at,0
YCDG_at,0
YCDH_at,0
YCDI_at,0
YCEA_at,0
YCEB_at,0
YCEC_at,0
YCED_at,0
YCEE_at,0
YCEF_at,0
YCEG_at,0
YCEH_at,0
YCEI_at,0
YCEJ_at,0
YCEK_at,0
YCGA_at,0
YCGB_at,0
YCGE_at,0
YCGF_at,0
YCGG_at,0
YCGH_at,0
YCGI_at,0
YCGJ_at,0
YCGK_at,0
YCGL_at,0
YCGM_at,0
YCGN_at,0
YCGO_at,0
YCGP_at,0
YCGQ_at,0
YCGR_at,0
YCGS_at,0
YCGT_at,0
YCIA_at,0
YCIB_at,0
YCIC_at,0
YCKA_at,0
YCKB_at,0
YCKC_at,0
YCKD_at,0
YCKE_at,0
YCKF_at,0
YCKG_at,0
YCKH_at,0
YCKI_at,0
YCKJ_at,0
YCKK_at,0
YCLA_at,0
YCLB_at,0
YCLC_at,0
YCLD_at,0
YCLE_at,0
YCLF_at,0
YCLG_at,0
YCLH_at,0
YCLI_at,0
YCLJ_at,0
YCLK_at,0
YCLM_at,0
YCLN_at,0
YCLO_at,0
YCLP_at,0
YCLQ_at,0
YCNB_at,0
YCNC_at,0
YCND_at,0
YCNE_at,0
YCNF_at,0
YCNG_at,0
YCNH_at,0
YCNI_at,0
YCNJ_at,0
YCNK_at,0
YCNL_at,0
YCSA_at,0
YCSD_at,0
YCSE_at,0
YCSF_at,0
YCSG_at,0
YCSI_at,0
YCSK_at,0
YCSN_at,0
YCXA_at,0
YCXB_at,0
YCXC_at,0
YCXD_at,0
YCXE_at,0
YCZA_at,0
YCZB_at,0
YCZC_at,0
YCZE_at,0
YCZF_at,0
YCZG_at,0
YCZH_at,0
YCZI_at,0
YCZJ_at,0
YDAA_at,0
YDAB_at,0
YDAC_at,0
YDAD_at,0
YDAE_at,0
YDAF_at,0
YDAG_at,0
YDAH_at,0
YDAJ_at,0
YDAK_at,0
YDAL_at,0
YDAM_at,0
YDAN_at,0
YDAO_at,0
YDAP_at,0
YDAQ_at,0
YDAR_at,0
YDAS_at,0
YDAT_at,0
YDBA_at,0
YDBB_at,0
YDBC_at,0
YDBD_at,0
YDBE_at,0
YDBF_at,0
YDBG_at,0
YDBH_at,0
YDBI_at,0
YDBJ_at,0
YDBK_at,0
YDBL_at,0
YDBM_at,0
YDBN_at,0
YDBO_at,0
YDBP_at,0
YDBR_at,0
YDBS_at,0
YDBT_at,0
YDCA_at,0
YDCB_at,0
YDCC_at,0
YDCD_at,0
YDCE_at,0
YDCF_at,0
YDCG_at,0
YDCH_at,0
YDCI_at,0
YDCK_at,0
YDCL_at,0
YDCM_at,0
YDCN_at,0
YDCO_at,0
YDCP_at,0
YDCQ_at,0
YDCR_at,0
YDCS_at,0
YDCT_at,0
YDDA_at,0
YDDB_at,0
YDDC_at,0
YDDD_at,0
YDDE_at,0
YDDF_at,0
YDDG_at,0
YDDH_at,0
YDDI_at,0
YDDJ_r_at,0
YDDK_at,0
YDDM_at,0
YDDN_at,0
YDDQ_at,0
YDDR_at,0
YDDS_at,0
YDDT_s_at,0
YDEA_at,0
YDEB_at,0
YDEC_at,0
YDED_at,0
YDEE_at,0
YDEF_at,0
YDEG_at,0
YDEH_at,0
YDEI_at,0
YDEJ_at,0
YDEK_at,0
YDEL_at,0
YDEM_at,0
YDEN_at,0
YDEO_at,0
YDEP_at,0
YDEQ_at,0
YDER_at,0
YDES_at,0
YDET_at,0
YDFA_at,0
YDFB_at,0
YDFC_at,0
YDFD_at,0
YDFE_at,0
YDFF_at,0
YDFG_at,0
YDFH_at,0
YDFI_at,0
YDFJ_at,0
YDFK_at,0
YDFL_at,0
YDFM_at,0
YDFN_at,0
YDFO_at,0
YDFP_at,0
YDFQ_at,0
YDFR_at,0
YDFS_at,0
YDFT_at,0
YDGA_at,0
YDGB_at,0
YDGC_at,0
YDGD_at,0
YDGE_at,0
YDGF_at,0
YDGG_at,0
YDGH_at,0
YDGI_at,0
YDGJ_at,0
YDGK_at,0
YDHB_at,0
YDHC_at,0
YDHD_at,0
YDHE_at,0
YDHF_at,0
YDHG_at,0
YDHH_at,0
YDHI_at,0
YDHJ_at,0
YDHK_at,0
YDHL_at,0
YDHM_at,0
YDHN_at,0
YDHO_at,0
YDHP_at,0
YDHQ_at,0
YDHR_at,0
YDHS_at,0
YDHT_at,0
YDHU_at,0
YDIA_at,0
YDIB_at,0
YDIC_at,0
YDID_at,0
YDIE_at,0
YDIF_at,0
YDIG_at,0
YDIH_at,0
YDII_at,0
YDIJ_at,0
YDIK_at,0
YDIL_at,0
YDIM_at,0
YDIN_r_at,0
YDIO_at,0
YDIP_at,0
YDIQ_at,0
YDIR_at,0
YDIS_at,0
YDJA_at,0
YDJB_at,0
YDJC_at,0
YDJD_at,0
YDJE_at,0
YDJF_at,0
YDJG_at,0
YDJH_at,0
YDJI_at,0
YDJJ_at,0
YDJK_at,0
YDJL_at,0
YDJM_at,0
YDJN_at,0
YDJO_at,0
YDJP_at,0
YDZA_at,0
YDZE_at,0
YDZF_at,0
YDZH_at,0
YEAA_at,0
YEAB_at,0
YEAC_at,0
YEAD_at,0
YEBA_at,0
YEBB_at,0
YEBC_at,0
YEBD_at,0
YEBF_at,0
YEBG_at,0
YECA_at,0
YEEA_at,0
YEEB_at,0
YEEC_at,0
YEED_at,0
YEEF_at,0
YEEG_at,0
YEEI_at,0
YEFA_at,0
YEFB_at,0
YEFC_at,0
YERA_at,0
YERB_at,0
YERC_at,0
YERD_at,0
YERE_at,0
YERG_at,0
YERH_at,0
YERI_at,0
YERO_at,0
YERP_at,0
YERQ_at,0
YESE_at,0
YESF_at,0
YESJ_at,0
YESK_at,0
YESL_at,0
YESM_at,0
YESN_at,0
YESO_at,0
YESP_at,0
YESQ_at,0
YESR_at,0
YESS_at,0
YEST_at,0
YESU_at,0
YESV_at,0
YESW_at,0
YESX_at,0
YESY_at,0
YESZ_at,0
YETA_at,0
YETF_at,0
YETG_at,0
YETH_at,0
YETI_at,0
YETJ_at,0
YETK_at,0
YETL_at,0
YETM_at,0
YETN_at,0
YETO_at,0
YEXA_at,0
YEZA_at,0
YEZB_at,0
YEZC_at,0
YEZD_at,0
YFHA_at,0
YFHB_at,0
YFHC_at,0
YFHD_at,0
YFHE_r_at,0
YFHF_at,0
YFHG_at,0
YFHH_at,0
YFHI_at,0
YFHJ_at,0
YFHK_at,0
YFHL_at,0
YFHM_at,0
YFHO_at,0
YFHP_at,0
YFHQ_at,0
YFHR_at,0
YFHS_i_at,0
YFIA_at,0
YFIB_at,0
YFIC_at,0
YFID_at,0
YFIE_at,0
YFIF_at,0
YFIG_at,0
YFIH_at,0
YFII_at,0
YFIJ_at,0
YFIK_at,0
YFIL_at,0
YFIM_at,0
YFIN_at,0
YFIO_at,0
YFIQ_at,0
YFIR_at,0
YFIS_at,0
YFIT_at,0
YFIU_at,0
YFIV_at,0
YFIW_at,0
YFIX_at,0
YFIY_at,0
YFIZ_at,0
YFJA_at,0
YFJB_at,0
YFJC_at,0
YFJD_at,0
YFJE_at,0
YFJF_at,0
YFJL_at,0
YFJM_at,0
YFJN_at,0
YFJO_at,0
YFJP_at,0
YFJQ_at,0
YFJR_at,0
YFJS_at,0
YFJT_at,0
YFKA_at,0
YFKB_at,0
YFKC_at,0
YFKD_at,0
YFKE_at,0
YFKF_at,0
YFKH_at,0
YFKI_at,0
YFKJ_at,0
YFKK_at,0
YFKL_at,0
YFKM_at,0
YFKN_at,0
YFKO_at,0
YFKQ_at,0
YFKR_at,0
YFKS_at,0
YFKT_at,0
YFLA_at,0
YFLB_at,0
YFLC_at,0
YFLD_r_at,0
YFLE_at,0
YFLF_at,0
YFLG_at,0
YFLH_at,0
YFLI_at,0
YFLJ_i_at,0
YFLK_at,0
YFLL_at,0
YFLM_at,0
YFLN_at,0
YFLP_at,0
YFLS_at,0
YFLT_at,0
YFMA_at,0
YFMB_at,0
YFMC_at,0
YFMD_at,0
YFME_at,0
YFMF_at,0
YFMG_at,0
YFMH_r_at,0
YFMI_at,0
YFMJ_at,0
YFMK_at,0
YFML_at,0
YFMM_at,0
YFMN_at,0
YFMO_at,0
YFMP_at,0
YFMQ_at,0
YFMR_at,0
YFMS_at,0
YFMT_at,0
YFNA_at,0
YFNB_at,0
YFNC_at,0
YFND_at,0
YFNE_at,0
YFNF_at,0
YFNG_at,0
YFNH_at,0
YFNI_at,0
YGAB_at,0
YGAC_at,0
YGAD_at,0
YGAE_at,0
YGAF_at,0
YGAJ_at,0
YGAK_at,0
YGAN_at,0
YGAO_at,0
YGXA_at,0
YGXB_at,0
YGZA_at,0
YHAA_at,0
YHAG_at,0
YHAH_at,0
YHAI_at,0
YHAJ_at,0
YHAK_at,0
YHAL_at,0
YHAM_at,0
YHAN_at,0
YHAO_at,0
YHAP_at,0
YHAQ_at,0
YHAR_at,0
YHAS_at,0
YHAT_at,0
YHAU_at,0
YHAV_at,0
YHAX_at,0
YHAY_at,0
YHAZ_at,0
YHBA_at,0
YHBB_at,0
YHBD_at,0
YHBE_at,0
YHBF_at,0
YHBH_at,0
YHBI_at,0
YHBJ_at,0
YHCA_at,0
YHCB_at,0
YHCC_at,0
YHCD_at,0
YHCE_at,0
YHCF_at,0
YHCG_at,0
YHCH_at,0
YHCI_at,0
YHCJ_at,0
YHCK_at,0
YHCL_at,0
YHCM_at,0
YHCN_at,0
YHCO_at,0
YHCP_at,0
YHCQ_at,0
YHCR_at,0
YHCS_at,0
YHCT_at,0
YHCU_at,0
YHCV_at,0
YHCW_at,0
YHCX_at,0
YHCY_at,0
YHCZ_at,0
YHDA_at,0
YHDB_at,0
YHDC_at,0
YHDE_at,0
YHDF_at,0
YHDG_at,0
YHDH_at,0
YHDI_at,0
YHDJ_at,0
YHDK_at,0
YHDL_at,0
YHDN_at,0
YHDO_at,0
YHDP_at,0
YHDQ_at,0
YHDR_at,0
YHDS_r_at,0
YHDT_at,0
YHDU_at,0
YHDV_at,0
YHDW_at,0
YHDX_r_at,0
YHDY_at,0
YHDZ_at,0
YHEA_at,0
YHEB_at,0
YHEC_at,0
YHED_at,0
YHEE_at,0
YHEF_at,0
YHEG_at,0
YHEH_at,0
YHEI_at,0
YHEJ_at,0
YHEK_at,0
YHEL_at,0
YHEM_at,0
YHEN_at,0
YHFA_at,0
YHFB_at,0
YHFC_at,0
YHFD_at,0
YHFE_at,0
YHFF_at,0
YHFH_r_at,0
YHFI_at,0
YHFJ_at,0
YHFK_at,0
YHFL_at,0
YHFM_at,0
YHFN_at,0
YHFO_at,0
YHFP_at,0
YHFQ_at,0
YHFR_at,0
YHFS_at,0
YHFT_at,0
YHFU_at,0
YHFV_at,0
YHFW_at,0
YHGB_at,0
YHGC_at,0
YHGD_at,0
YHGE_at,0
YHJA_at,0
YHJB_at,0
YHJC_at,0
YHJD_at,0
YHJE_at,0
YHJG_at,0
YHJH_at,0
YHJJ_at,0
YHJK_at,0
YHJL_at,0
YHJM_at,0
YHJN_at,0
YHJO_at,0
YHJP_at,0
YHJQ_at,0
YHJR_at,0
YHXA_at,0
YHXB_at,0
YHXC_at,0
YHXD_at,0
YHZA_at,0
YHZB_at,0
YHZC_at,0
YIRY_at,0
YISB_at,0
YISC_at,0
YISD_at,0
YISE_at,0
YISF_at,0
YISG_at,0
YISH_at,0
YISI_at,0
YISJ_at,0
YISK_at,0
YISL_at,0
YISN_at,0
YISO_at,0
YISP_at,0
YISQ_at,0
YISR_at,0
YISS_at,0
YIST_at,0
YISU_at,0
YISW_at,0
YISX_at,0
YISY_at,0
YISZ_at,0
YITA_at,0
YITB_at,0
YITC_at,0
YITD_at,0
YITE_at,0
YITF_at,0
YITG_at,0
YITH_at,0
YITI_at,0
YITJ_at,0
YITK_at,0
YITL_at,0
YITM_at,0
YITN_at,0
YITO_at,0
YITP_at,0
YITQ_at,0
YITR_at,0
YITS_at,0
YITT_at,0
YITU_at,0
YITV_at,0
YITW_at,0
YITY_at,0
YITZ_at,0
YJAU_at,0
YJAV_at,0
YJAX_at,0
YJAY_at,0
YJAZ_at,0
YJBA_at,0
YJBB_at,0
YJBC_at,0
YJBD_at,0
YJBE_at,0
YJBF_at,0
YJBG_at,0
YJBH_at,0
YJBI_at,0
YJBJ_at,0
YJBK_at,0
YJBL_at,0
YJBM_at,0
YJBN_at,0
YJBO_at,0
YJBP_at,0
YJBQ_at,0
YJBS_at,0
YJBT_at,0
YJBU_at,0
YJBV_at,0
YJBW_at,0
YJBX_at,0
YJCA_at,0
YJCB_at,0
YJCC_at,0
YJCD_at,0
YJCE_at,0
YJCF_at,0
YJCG_at,0
YJCH_at,0
YJCI_at,0
YJCJ_at,0
YJCK_at,0
YJCL_at,0
YJCM_at,0
YJCN_at,0
YJCO_at,0
YJCP_at,0
YJCQ_at,0
YJCR_at,0
YJCS_at,0
YJDA_at,0
YJDB_at,0
YJDC_at,0
YJDD_at,0
YJDE_at,0
YJDF_at,0
YJDG_at,0
YJDH_at,0
YJDI_at,0
YJDJ_at,0
YJDK_at,0
YJEA_at,0
YJFA_at,0
YJFB_at,0
YJFC_at,0
YJGA_at,0
YJGB_at,0
YJGC_at,0
YJGD_at,0
YJHA_at,0
YJHB_at,0
YJIA_at,0
YJIB_at,0
YJIC_at,0
YJJA_at,0
YJKA_at,0
YJKB_at,0
YJLA_at,0
YJLB_at,0
YJLC_at,0
YJLD_at,0
YJMB_at,0
YJMC_at,0
YJMD_at,0
YJMF_at,0
YJNA_at,0
YJOA_at,0
YJOB_at,0
YJPA_at,0
YJQA_at,0
YJQB_at,0
YJQC_at,0
YJZA_at,0
YJZB_at,0
YJZC_at,0
YJZD_at,0
YKAA_at,0
YKAB_at,0
YKBA_at,0
YKCA_at,0
YKCB_at,0
YKCC_at,0
YKEA_at,0
YKFA_at,0
YKFB_at,0
YKFC_at,0
YKFD_at,0
YKGA_at,0
YKGB_at,0
YKHA_at,0
YKJA_at,0
YKKA_at,0
YKKB_at,0
YKKC_at,0
YKKD_at,0
YKKE_at,0
YKLA_at,0
YKMA_at,0
YKNA_at,0
YKNT_at,0
YKNU_at,0
YKNV_at,0
YKNW_at,0
YKNX_at,0
YKNY_at,0
YKNZ_at,0
YKOA_at,0
YKOC_at,0
YKOD_at,0
YKOE_at,0
YKOF_at,0
YKOG_at,0
YKOH_at,0
YKOI_at,0
YKOJ_at,0
YKOK_at,0
YKOL_i_at,0
YKOM_at,0
YKON_at,0
YKOP_at,0
YKOQ_at,0
YKOS_at,0
YKOT_at,0
YKOU_at,0
YKOV_at,0
YKOW_at,0
YKOX_at,0
YKOY_at,0
YKOZ_at,0
YKPA_at,0
YKPB_at,0
YKPC_at,0
YKQA_at,0
YKQB_at,0
YKQC_at,0
YKRA_at,0
YKRB_at,0
YKRI_at,0
YKRK_at,0
YKRL_at,0
YKRM_at,0
YKRP_at,0
YKRQ_at,0
YKRS_at,0
YKRT_at,0
YKRU_at,0
YKRV_at,0
YKRW_at,0
YKRX_at,0
YKRY_at,0
YKRZ_at,0
YKTA_at,0
YKTB_at,0
YKTC_at,0
YKTD_at,0
YKUA_at,0
YKUC_at,0
YKUD_at,0
YKUE_at,0
YKUF_at,0
YKUG_at,0
YKUH_at,0
YKUI_at,0
YKUJ_at,0
YKUK_at,0
YKUL_at,0
YKUM_at,0
YKUN_at,0
YKUO_at,0
YKUP_at,0
YKUQ_at,0
YKUR_at,0
YKUS_at,0
YKUT_at,0
YKUU_at,0
YKUV_at,0
YKUW_at,0
YKVA_at,0
YKVD_at,0
YKVE_at,0
YKVI_at,0
YKVJ_at,0
YKVK_at,0
YKVL_at,0
YKVM_at,0
YKVN_at,0
YKVO_at,0
YKVP_at,0
YKVQ_at,0
YKVR_at,0
YKVS_at,0
YKVT_at,0
YKVU_at,0
YKVV_at,0
YKVW_at,0
YKVY_at,0
YKVZ_at,0
YKWB_at,0
YKWC_at,0
YKWD_at,0
YKYA_at,0
YKYB_at,0
YKZA_at,0
YKZB_i_at,0
YKZC_at,0
YKZD_at,0
YKZE_at,0
YKZF_at,0
YKZG_at,0
YKZH_at,0
YKZI_i_at,0
YLAA_at,0
YLAB_at,0
YLAC_at,0
YLAD_at,0
YLAE_at,0
YLAF_at,0
YLAG_at,0
YLAH_at,0
YLAI_at,0
YLAJ_at,0
YLAK_at,0
YLAL_at,0
YLAM_at,0
YLAN_at,0
YLAO_at,0
YLBA_at,0
YLBB_at,0
YLBC_at,0
YLBD_at,0
YLBE_at,0
YLBF_at,0
YLBG_at,0
YLBH_at,0
YLBI_at,0
YLBJ_at,0
YLBK_at,0
YLBL_at,0
YLBM_at,0
YLBN_at,0
YLBO_at,0
YLBP_at,0
YLBQ_at,0
YLLA_at,0
YLLB_at,0
YLMA_at,0
YLMB_at,0
YLMC_at,0
YLMD_at,0
YLME_at,0
YLMF_at,0
YLMG_at,0
YLMH_at,0
YLNA_at,0
YLNB_at,0
YLNC_at,0
YLND_at,0
YLNE_at,0
YLNF_at,0
YLOA_at,0
YLOB_at,0
YLOC_at,0
YLOD_at,0
YLOH_at,0
YLOI_at,0
YLOM_at,0
YLON_at,0
YLOO_at,0
YLOP_at,0
YLOQ_at,0
YLOR_at,0
YLOS_at,0
YLOU_at,0
YLOV_at,0
YLOW_at,0
YLPA_at,0
YLPB_at,0
YLPC_at,0
YLQB_at,0
YLQC_at,0
YLQD_at,0
YLQE_at,0
YLQF_at,0
YLQG_at,0
YLQH_at,0
YLUA_at,0
YLUB_at,0
YLUC_at,0
YLXA_at,0
YLXF_at,0
YLXG_at,0
YLXH_at,0
YLXL_at,0
YLXM_at,0
YLXP_at,0
YLXQ_at,0
YLXR_at,0
YLXS_at,0
YLXW_at,0
YLXX_at,0
YLXY_at,0
YLYA_at,0
YLYB_at,0
YMAA_at,0
YMAB_at,0
YMAC_at,0
YMAD_at,0
YMAE_at,0
YMAF_at,0
YMAG_at,0
YMAH_i_at,0
YMCA_at,0
YMCB_at,0
YMCC_at,0
YMDA_at,0
YMDB_at,0
YMFA_at,0
YMFB_at,0
YMFC_at,0
YMFD_at,0
YMFE_at,0
YMFF_at,0
YMFG_at,0
YMFH_at,0
YMFI_at,0
YMFJ_at,0
YMFK_at,0
YMFL_at,0
YMFM_at,0
YMXG_at,0
YMXH_at,0
YMZA_i_at,0
YMZB_at,0
YMZC_at,0
YNAB_i_at,0
YNAC_at,0
YNAD_at,0
YNAE_at,0
YNAF_at,0
YNAG_at,0
YNAI_i_at,0
YNAJ_at,0
YNBA_at,0
YNBB_at,0
YNCB_at,0
YNCC_at,0
YNCD_at,0
YNCE_at,0
YNCF_at,0
YNCM_at,0
YNDA_at,0
YNDB_at,0
YNDD_at,0
YNDE_at,0
YNDF_at,0
YNDG_at,0
YNDH_at,0
YNDJ_at,0
YNDK_at,0
YNDL_at,0
YNDM_at,0
YNDN_at,0
YNEA_at,0
YNEB_at,0
YNEE_at,0
YNEF_at,0
YNEI_at,0
YNEJ_at,0
YNEK_at,0
YNEN_at,0
YNEP_at,0
YNEQ_at,0
YNER_at,0
YNES_at,0
YNET_at,0
YNFC_at,0
YNFE_at,0
YNFF_at,0
YNGA_at,0
YNGB_at,0
YNGC_at,0
YNGD_at,0
YNGE_at,0
YNGF_at,0
YNGG_at,0
YNGH_at,0
YNGI_at,0
YNGJ_at,0
YNGK_at,0
YNGL_at,0
YNXB_at,0
YNZA_at,0
YNZB_at,0
YNZC_at,0
YNZD_at,0
YNZE_at,0
YNZF_at,0
YNZG_at,0
YNZH_r_at,0
YOAA_at,0
YOAB_at,0
YOAC_at,0
YOAD_at,0
YOAE_at,0
YOAF_at,0
YOAG_at,0
YOAH_at,0
YOAI_at,0
YOAJ_at,0
YOAK_at,0
YOAM_at,0
YOAN_at,0
YOAO_at,0
YOAP_at,0
YOAQ_at,0
YOAR_at,0
YOAS_at,0
YOAT_at,0
YOAU_at,0
YOAV_at,0
YOAW_at,0
YOAZ_at,0
YOBA_at,0
YOBB_at,0
YOBD_at,0
YOBE_i_at,0
YOBE_s_at,0
YOBF_at,0
YOBH_r_at,0
YOBI_at,0
YOBJ_at,0
YOBK_at,0
YOBL_at,0
YOBM_s_at,0
YOBN_at,0
YOBO_at,0
YOBQ_at,0
YOBR_at,0
YOBS_at,0
YOBT_at,0
YOBU_at,0
YOBV_at,0
YOBW_at,0
YOCA_at,0
YOCB_at,0
YOCC_at,0
YOCD_at,0
YOCF_at,0
YOCG_at,0
YOCH_at,0
YOCI_at,0
YOCJ_at,0
YOCK_at,0
YOCL_at,0
YOCM_at,0
YOCN_at,0
YOCR_at,0
YOCS_at,0
YODA_at,0
YODB_at,0
YODC_at,0
YODD_at,0
YODE_at,0
YODF_at,0
YODH_at,0
YODI_at,0
YODJ_at,0
YODL_at,0
YODM_at,0
YODN_at,0
YODO_at,0
YODP_at,0
YODR_at,0
YODS_at,0
YODT_at,0
YODU_at,0
YODV_at,0
YOEA_at,0
YOEB_at,0
YOEC_at,0
YOED_at,0
YOFA_at,0
YOGA_at,0
YOJA_at,0
YOJB_at,0
YOJE_at,0
YOJF_at,0
YOJG_at,0
YOJH_at,0
YOJI_at,0
YOJJ_at,0
YOJK_at,0
YOJL_at,0
YOJM_at,0
YOJN_at,0
YOJO_at,0
YOKA_at,0
YOKB_at,0
YOKC_at,0
YOKD_at,0
YOKE_at,0
YOKF_at,0
YOKG_at,0
YOKI_at,0
YOKJ_at,0
YOKK_at,0
YOKL_at,0
YOLA_at,0
YOLB_at,0
YOLC_f_at,0
YOLD_f_at,0
YOLF_at,0
YOLI_at,0
YOLJ_at,0
YOLK_at,0
YOMD_at,0
YOME_at,0
YOMF_at,0
YOMG_at,0
YOMH_at,0
YOMI_at,0
YOMJ_at,0
YOMK_at,0
YOMM_at,0
YOMN_at,0
YOMO_at,0
YOMP_i_at,0
YOMQ_at,0
YOMR_at,0
YOMS_at,0
YOMT_at,0
YOMU_at,0
YOMV_at,0
YOMW_at,0
YOMX_at,0
YOMY_at,0
YOMZ_at,0
YONA_at,0
YONB_at,0
YONC_at,0
YOND_at,0
YONE_at,0
YONF_at,0
YONG_at,0
YONH_at,0
YONI_at,0
YONJ_at,0
YONK_r_at,0
YONN_at,0
YONO_at,0
YONP_r_at,0
YONR_at,0
YONS_at,0
YONT_at,0
YONU_at,0
YONV_at,0
YONX_at,0
YOPA_at,0
YOPB_at,0
YOPC_at,0
YOPD_at,0
YOPE_i_at,0
YOPF_i_at,0
YOPG_i_at,0
YOPH_at,0
YOPI_at,0
YOPJ_at,0
YOPK_at,0
YOPL_at,0
YOPM_r_at,0
YOPN_i_at,0
YOPO_at,0
YOPP_at,0
YOPQ_at,0
YOPR_at,0
YOPS_at,0
YOPT_at,0
YOPU_i_at,0
YOPV_r_at,0
YOPW_at,0
YOPX_at,0
YOPY_i_at,0
YOPZ_at,0
YOQA_at,0
YOQB_at,0
YOQC_at,0
YOQD_at,0
YOQE_at,0
YOQF_at,0
YOQG_at,0
YOQH_at,0
YOQI_i_at,0
YOQJ_at,0
YOQK_r_at,0
YOQL_at,0
YOQM_at,0
YOQN_at,0
YOQO_at,0
YOQP_at,0
YOQR_r_at,0
YOQS_at,0
YOQT_r_at,0
YOQU_at,0
YOQV_at,0
YOQX_i_at,0
YOQY_at,0
YOQZ_at,0
YORA_at,0
YORB_i_at,0
YORC_at,0
YORD_at,0
YORE_at,0
YORF_at,0
YORG_at,0
YORH_at,0
YORI_at,0
YORJ_at,0
YORK_at,0
YORL_at,0
YORM_at,0
YORN_i_at,0
YORO_at,0
YORP_at,0
YORQ_at,0
YORR_at,0
YORS_at,0
YORT_i_at,0
YORV_at,0
YORW_at,0
YORX_at,0
YORY_r_at,0
YORZ_r_at,0
YOSA_at,0
YOSB_r_at,0
YOSC_at,0
YOSD_at,0
YOSE_at,0
YOSF_at,0
YOSG_at,0
YOSH_at,0
YOSI_r_at,0
YOSJ_at,0
YOSK_at,0
YOSL_at,0
YOSM_at,0
YOSN_at,0
YOSP_at,0
YOSQ_at,0
YOSR_at,0
YOSS_at,0
YOST_at,0
YOSU_at,0
YOSV_r_at,0
YOSW_at,0
YOSX_at,0
YOSZ_r_at,0
YOTB_at,0
YOTC_r_at,0
YOTD_r_at,0
YOTE_at,0
YOTF_r_at,0
YOTG_at,0
YOTH_i_at,0
YOTI_at,0
YOTJ_r_at,0
YOTK_r_at,0
YOTL_at,0
YOTM_at,0
YOTN_r_at,0
YOXA_at,0
YOXB_at,0
YOXC_at,0
YOXD_at,0
YOZA_at,0
YOZB_at,0
YOZC_i_at,0
YOZD_at,0
YOZE_at,0
YOZF_at,0
YOZG_at,0
YOZH_i_at,0
YOZI_at,0
YOZJ_at,0
YOZL_f_at,0
YOZM_r_at,0
YOZN_at,0
YOZO_at,0
YOZP_r_at,0
YPAA_at,0
YPBB_at,0
YPBD_at,0
YPBE_at,0
YPBF_at,0
YPBG_at,0
YPBH_at,0
YPBQ_at,0
YPBR_at,0
YPBS_at,0
YPCP_at,0
YPDA_at,0
YPDC_at,0
YPDP_at,0
YPDQ_at,0
YPEB_at,0
YPEP_at,0
YPEQ_at,0
YPFA_at,0
YPFB_at,0
YPFD_at,0
YPFP_at,0
YPGA_at,0
YPGQ_at,0
YPGR_at,0
YPHA_at,0
YPHB_at,0
YPHC_at,0
YPHE_at,0
YPHF_at,0
YPHP_at,0
YPIA_at,0
YPIB_at,0
YPIF_at,0
YPIP_at,0
YPJA_at,0
YPJB_at,0
YPJC_at,0
YPJD_s_at,0
YPJF_s_at,0
YPJG_s_at,0
YPJH_at,0
YPJP_at,0
YPJQ_at,0
YPKP_at,0
YPLP_at,0
YPLQ_at,0
YPMA_at,0
YPMB_at,0
YPMP_at,0
YPMQ_at,0
YPMR_at,0
YPMS_at,0
YPMT_at,0
YPNP_at,0
YPOC_at,0
YPOP_at,0
YPPC_at,0
YPPD_at,0
YPPE_at,0
YPPF_at,0
YPPG_at,0
YPPQ_at,0
YPQA_at,0
YPQE_at,0
YPQP_at,0
YPRA_at,0
YPRB_at,0
YPSA_at,0
YPSB_at,0
YPSC_at,0
YPTA_at,0
YPUA_at,0
YPUB_at,0
YPUC_at,0
YPUD_at,0
YPUF_at,0
YPUG_at,0
YPUH_at,0
YPUI_at,0
YPVA_at,0
YPWA_at,0
YPZA_at,0
YPZC_at,0
YPZD_at,0
YPZE_at,0
YQAB_at,0
YQAC_at,0
YQAD_r_at,0
YQAE_at,0
YQAF_at,0
YQAG_at,0
YQAH_at,0
YQAI_at,0
YQAJ_at,0
YQAK_at,0
YQAL_at,0
YQAM_at,0
YQAN_at,0
YQAO_at,0
YQAP_at,0
YQAQ_at,0
YQAR_at,0
YQAS_at,0
YQAT_at,0
YQBA_at,0
YQBB_at,0
YQBC_at,0
YQBD_at,0
YQBE_at,0
YQBF_at,0
YQBG_at,0
YQBH_at,0
YQBI_at,0
YQBJ_at,0
YQBK_at,0
YQBL_at,0
YQBM_at,0
YQBN_at,0
YQBO_at,0
YQBP_at,0
YQBQ_at,0
YQBR_at,0
YQBS_at,0
YQBT_at,0
YQCA_at,0
YQCB_at,0
YQCC_at,0
YQCD_at,0
YQCE_at,0
YQCF_at,0
YQCG_at,0
YQCI_at,0
YQCK_at,0
YQDA_at,0
YQDB_at,0
YQEB_at,0
YQEC_at,0
YQED_at,0
YQEE_at,0
YQEF_at,0
YQEG_at,0
YQEH_at,0
YQEI_at,0
YQEJ_at,0
YQEK_at,0
YQEL_at,0
YQEM_at,0
YQEN_at,0
YQET_at,0
YQEU_at,0
YQEV_at,0
YQEW_at,0
YQEY_at,0
YQEZ_at,0
YQFA_at,0
YQFB_at,0
YQFC_at,0
YQFD_at,0
YQFF_at,0
YQFG_at,0
YQFL_at,0
YQFN_at,0
YQFO_at,0
YQFP_at,0
YQFQ_at,0
YQFR_at,0
YQFS_at,0
YQFT_at,0
YQFU_at,0
YQFW_at,0
YQFX_at,0
YQFY_at,0
YQFZ_at,0
YQGA_at,0
YQGB_at,0
YQGC_at,0
YQGE_at,0
YQGG_at,0
YQGH_at,0
YQGI_at,0
YQGJ_at,0
YQGK_at,0
YQGL_at,0
YQGM_at,0
YQGN_at,0
YQGN-P_i_at,0
YQGO_at,0
YQGP_at,0
YQGQ_at,0
YQGS_at,0
YQGT_at,0
YQGU_at,0
YQGV_at,0
YQGW_at,0
YQGX_at,0
YQGY_i_at,0
YQGZ_at,0
YQHA_at,0
YQHB_at,0
YQHG_at,0
YQHH_at,0
YQHI_at,0
YQHJ_at,0
YQHK_at,0
YQHL_at,0
YQHM_at,0
YQHN_at,0
YQHO_at,0
YQHP_at,0
YQHQ_at,0
YQHR_at,0
YQHS_at,0
YQHT_at,0
YQHV_at,0
YQHY_at,0
YQHZ_at,0
YQIB_at,0
YQIC_at,0
YQID_at,0
YQIE_at,0
YQIG_at,0
YQIH_at,0
YQII_at,0
YQIK_at,0
YQIQ_at,0
YQIS_at,0
YQIU_at,0
YQIV_at,0
YQIW_at,0
YQIX_at,0
YQIY_at,0
YQIZ_at,0
YQJA_at,0
YQJB_at,0
YQJC_at,0
YQJD_at,0
YQJE_at,0
YQJF_at,0
YQJG_at,0
YQJH_at,0
YQJI_at,0
YQJJ_at,0
YQJK_at,0
YQJL_at,0
YQJM_at,0
YQJN_at,0
YQJO_at,0
YQJP_at,0
YQJQ_at,0
YQJR_at,0
YQJS_at,0
YQJT_at,0
YQJU_at,0
YQJV_at,0
YQJW_at,0
YQJX_at,0
YQJY_at,0
YQJZ_at,0
YQKA_at,0
YQKB_at,0
YQKC_at,0
YQKD_at,0
YQKE_at,0
YQKF_at,0
YQKG_at,0
YQKI_at,0
YQKJ_at,0
YQKK_at,0
YQXA_at,0
YQXC_at,0
YQXD_at,0
YQXG_at,0
YQXH_at,0
YQXI_at,0
YQXJ_at,0
YQXK_at,0
YQXL_at,0
YQXM_at,0
YQZB_at,0
YQZC_at,0
YQZD_at,0
YQZE_at,0
YQZF_at,0
YQZG_at,0
YQZH_at,0
YQZI_r_at,0
YRAA_at,0
YRAB_at,0
YRAD_at,0
YRAE_at,0
YRAF_at,0
YRAG_at,0
YRAH_at,0
YRAI_at,0
YRAJ_at,0
YRAK_at,0
YRAL_at,0
YRAM_at,0
YRAN_at,0
YRAO_at,0
YRBA_at,0
YRBB_at,0
YRBC_at,0
YRBD_at,0
YRBE_at,0
YRBF_at,0
YRBG_at,0
YRDA_at,0
YRDB_at,0
YRDC_at,0
YRDD_i_at,0
YRDF_at,0
YRDK_at,0
YRDN_at,0
YRDQ_at,0
YRDR_at,0
YRHA_at,0
YRHB_at,0
YRHC_at,0
YRHD_at,0
YRHE_at,0
YRHF_at,0
YRHG_at,0
YRHH_at,0
YRHI_at,0
YRHJ_at,0
YRHK_at,0
YRHL_at,0
YRHM_at,0
YRHO_at,0
YRHP_at,0
YRKA_at,0
YRKB_at,0
YRKC_at,0
YRKD_at,0
YRKE_at,0
YRKF_at,0
YRKG_r_at,0
YRKH_at,0
YRKI_at,0
YRKJ_at,0
YRKK_at,0
YRKL_at,0
YRKM_i_at,0
YRKN_at,0
YRKO_at,0
YRKP_at,0
YRKQ_at,0
YRKR_at,0
YRKS_f_at,0
YRPB_at,0
YRPC_at,0
YRPD_at,0
YRPE_at,0
YRPG_at,0
YRRA_at,0
YRRB_at,0
YRRC_at,0
YRRD_at,0
YRRI_at,0
YRRK_at,0
YRRL_at,0
YRRM_at,0
YRRN_at,0
YRRO_at,0
YRRR_at,0
YRRS_at,0
YRRT_at,0
YRRU_at,0
YRVC_at,0
YRVD_at,0
YRVE_at,0
YRVI_at,0
YRVJ_at,0
YRVM_at,0
YRVN_at,0
YRVO_at,0
YRXA_at,0
YRZA_at,0
YRZB_at,0
YRZC_at,0
YRZD_at,0
YRZE_at,0
YRZF_at,0
YRZG_at,0
YRZH_at,0
YRZI_r_at,0
YRZK_at,0
YSAA_at,0
YSBA_at,0
YSBB_at,0
YSCA_at,0
YSCB_at,0
YSDA_at,0
YSDB_at,0
YSDC_at,0
YSFB_at,0
YSFC_at,0
YSFD_at,0
YSFE_at,0
YSGA_at,0
YSHA_at,0
YSHB_at,0
YSHC_at,0
YSHD_at,0
YSHE_at,0
YSIA_at,0
YSIB_at,0
YSLB_at,0
YSMA_at,0
YSMB_at,0
YSNA_at,0
YSNB_at,0
YSND_at,0
YSNE_at,0
YSNF_at,0
YSOA_at,0
YSXA_at,0
YSXB_at,0
YSXC_at,0
YSXD_at,0
YSXE_at,0
YTAA_at,0
YTAB_at,0
YTAF_at,0
YTAG_at,0
YTAP_at,0
YTBD_at,0
YTBE_at,0
YTBJ_at,0
YTBQ_at,0
YTCA_at,0
YTCB_at,0
YTCC_at,0
YTCD_at,0
YTCF_at,0
YTCG_at,0
YTCI_at,0
YTCJ_at,0
YTCP_at,0
YTCQ_at,0
YTDA_at,0
YTDI_at,0
YTDP_at,0
YTEA_at,0
YTEI_at,0
YTEJ_at,0
YTEP_at,0
YTEQ_at,0
YTER_at,0
YTES_at,0
YTET_at,0
YTEU_at,0
YTEV_i_at,0
YTFI_at,0
YTFJ_at,0
YTFP_at,0
YTGA_at,0
YTGB_at,0
YTGC_at,0
YTGD_at,0
YTGI_at,0
YTGP_at,0
YTHA_at,0
YTHB_at,0
YTHC_at,0
YTHP_at,0
YTHQ_at,0
YTIA_at,0
YTIB_at,0
YTIP_at,0
YTJA_at,0
YTJB_at,0
YTJP_at,0
YTKA_at,0
YTKC_at,0
YTKD_at,0
YTKK_at,0
YTKL_at,0
YTKP_at,0
YTLA_at,0
YTLB_at,0
YTLC_at,0
YTLD_at,0
YTLI_at,0
YTLP_at,0
YTLQ_at,0
YTLR_at,0
YTMA_at,0
YTMB_at,0
YTMI_at,0
YTMJ_at,0
YTMK_at,0
YTML_at,0
YTMM_at,0
YTMO_at,0
YTMP_at,0
YTMQ_at,0
YTNA_at,0
YTNI_at,0
YTNJ_at,0
YTNM_at,0
YTNP_at,0
YTOA_at,0
YTOI_at,0
YTOP_at,0
YTOQ_at,0
YTPA_at,0
YTPB_at,0
YTPI_at,0
YTPP_at,0
YTPQ_at,0
YTPR_at,0
YTPS_at,0
YTPT_at,0
YTQA_at,0
YTQB_at,0
YTQI_at,0
YTRA_at,0
YTRB_at,0
YTRC_at,0
YTRD_at,0
YTRE_at,0
YTRF_at,0
YTRI_at,0
YTRP_at,0
YTSA_at,0
YTSB_at,0
YTSC_at,0
YTSD_at,0
YTSJ_at,0
YTSP_at,0
YTTA_at,0
YTTB_at,0
YTTI_at,0
YTTP_at,0
YTVA_at,0
YTVB_at,0
YTVI_at,0
YTWF_at,0
YTWI_at,0
YTWP_at,0
YTXB_at,0
YTXC_at,0
YTXD_at,0
YTXE_at,0
YTXG_at,0
YTXH_at,0
YTXJ_at,0
YTXK_at,0
YTXM_at,0
YTXO_at,0
YTZA_at,0
YTZB_at,0
YTZC_at,0
YTZD_at,0
YTZE_at,0
YTZF_at,0
YTZG_at,0
YTZH_at,0
YUAA_at,0
YUAB_at,0
YUAC_at,0
YUAD_at,0
YUAE_at,0
YUAF_at,0
YUAG_at,0
YUAI_at,0
YUAJ_at,0
YUBA_at,0
YUBB_at,0
YUBC_at,0
YUBD_at,0
YUBE_at,0
YUBF_at,0
YUBG_at,0
YUEB_at,0
YUEC_at,0
YUED_at,0
YUEE_at,0
YUEF_at,0
YUEG_at,0
YUEH_at,0
YUEI_at,0
YUEJ_at,0
YUEK_at,0
YUFK_at,0
YUFL_at,0
YUFM_at,0
YUFN_at,0
YUFO_at,0
YUFP_at,0
YUFQ_at,0
YUFR_at,0
YUFS_at,0
YUGE_at,0
YUGF_at,0
YUGG_at,0
YUGH_at,0
YUGI_at,0
YUGJ_at,0
YUGK_at,0
YUGM_at,0
YUGN_at,0
YUGO_at,0
YUGP_at,0
YUGS_at,0
YUGT_at,0
YUGU_at,0
YUIA_at,0
YUIB_at,0
YUIC_at,0
YUID_at,0
YUIE_at,0
YUIF_at,0
YUIG_at,0
YUIH_at,0
YUII_at,0
YUKA_at,0
YUKB_at,0
YUKC_at,0
YUKD_at,0
YUKE_at,0
YUKF_at,0
YUKJ_at,0
YULB_at,0
YULC_at,0
YULD_at,0
YULE_at,0
YULF_at,0
YUMB_at,0
YUMC_at,0
YUMD_at,0
YUNA_at,0
YUNB_at,0
YUNC_at,0
YUND_at,0
YUNE_at,0
YUNF_at,0
YUNG_at,0
YUNH_at,0
YUNI_at,0
YUNJ_at,0
YUNK_at,0
YUNL_at,0
YUNM_at,0
YURB_at,0
YURC_at,0
YURD_at,0
YURE_at,0
YURF_at,0
YURG_at,0
YURH_at,0
YURI_at,0
YURJ_at,0
YURK_at,0
YURL_at,0
YURM_at,0
YURN_at,0
YURO_at,0
YURP_at,0
YURQ_at,0
YURR_at,0
YURS_at,0
YURT_at,0
YURU_at,0
YURV_at,0
YURW_at,0
YURX_at,0
YURY_at,0
YURZ_at,0
YUSA_at,0
YUSB_at,0
YUSC_at,0
YUSD_at,0
YUSE_at,0
YUSF_at,0
YUSG_at,0
YUSH_at,0
YUSI_at,0
YUSJ_at,0
YUSK_at,0
YUSL_at,0
YUSM_at,0
YUSN_at,0
YUSO_at,0
YUSP_at,0
YUSQ_at,0
YUSR_at,0
YUSS_at,0
YUST_at,0
YUSU_at,0
YUSV_at,0
YUSW_at,0
YUSX_at,0
YUSY_at,0
YUSZ_at,0
YUTB_at,0
YUTC_at,0
YUTD_at,0
YUTE_at,0
YUTF_at,0
YUTG_at,0
YUTH_at,0
YUTI_at,0
YUTJ_at,0
YUTK_at,0
YUTL_at,0
YUTM_at,0
YUXG_at,0
YUXH_at,0
YUXI_at,0
YUXJ_at,0
YUXK_at,0
YUXL_at,0
YUXN_at,0
YUXO_at,0
YUZA_at,0
YUZB_at,0
YUZC_at,0
YUZD_at,0
YUZE_at,0
YUZF_at,0
YUZG_at,0
YVAA_at,0
YVAB_at,0
YVAC_at,0
YVAD_at,0
YVAE_at,0
YVAF_at,0
YVAG_at,0
YVAI_at,0
YVAJ_at,0
YVAK_at,0
YVAM_at,0
YVAN_at,0
YVAO_at,0
YVAP_at,0
YVAQ_at,0
YVAV_at,0
YVAW_at,0
YVAX_at,0
YVAY_at,0
YVAZ_at,0
YVBA_at,0
YVBF_at,0
YVBG_at,0
YVBH_at,0
YVBI_at,0
YVBJ_at,0
YVBK_at,0
YVBQ_at,0
YVBT_at,0
YVBU_at,0
YVBV_at,0
YVBW_at,0
YVBX_at,0
YVBY_at,0
YVCA_at,0
YVCB_at,0
YVCC_at,0
YVCD_at,0
YVCE_at,0
YVCI_at,0
YVCJ_at,0
YVCK_at,0
YVCL_at,0
YVCN_at,0
YVCP_at,0
YVCQ_at,0
YVCR_at,0
YVCS_at,0
YVCT_at,0
YVDA_at,0
YVDB_at,0
YVDC_at,0
YVDD_at,0
YVDE_at,0
YVDF_at,0
YVDG_at,0
YVDH_at,0
YVDI_at,0
YVDJ_at,0
YVDK_at,0
YVDM_at,0
YVDO_at,0
YVDP_at,0
YVDQ_at,0
YVDR_at,0
YVDS_at,0
YVDT_at,0
YVEA_at,0
YVEB_at,0
YVEF_at,0
YVEG_at,0
YVEK_at,0
YVEL_at,0
YVEM_at,0
YVEN_at,0
YVEO_at,0
YVEP_at,0
YVEQ_at,0
YVER_at,0
YVES_at,0
YVET_at,0
YVFA_at,0
YVFB_at,0
YVFC_at,0
YVFD_at,0
YVFE_at,0
YVFF_at,0
YVFG_at,0
YVFH_at,0
YVFI_at,0
YVFK_at,0
YVFL_at,0
YVFM_at,0
YVFO_at,0
YVFP_at,0
YVFQ_at,0
YVFR_at,0
YVFS_at,0
YVFT_at,0
YVFU_at,0
YVFV_at,0
YVFW_at,0
YVGJ_at,0
YVGK_at,0
YVGL_at,0
YVGM_at,0
YVGN_at,0
YVGO_at,0
YVGP_at,0
YVGQ_at,0
YVGR_at,0
YVGS_at,0
YVGT_at,0
YVGU_at,0
YVGV_at,0
YVGW_at,0
YVGX_at,0
YVGY_at,0
YVGZ_at,0
YVHJ_at,0
YVIA_at,0
YVIE_at,0
YVIF_at,0
YVJA_at,0
YVJB_at,0
YVJD_at,0
YVKA_at,0
YVKB_at,0
YVKC_at,0
YVKN_at,0
YVLA_at,0
YVLB_at,0
YVLC_at,0
YVLD_at,0
YVMA_at,0
YVMB_at,0
YVMC_at,0
YVNA_at,0
YVNB_at,0
YVOA_at,0
YVOD_at,0
YVOF_at,0
YVPA_at,0
YVPB_at,0
YVQA_at,0
YVQB_at,0
YVQC_at,0
YVQE_at,0
YVQF_at,0
YVQG_at,0
YVQH_at,0
YVQI_at,0
YVQJ_at,0
YVQK_at,0
YVRA_at,0
YVRB_at,0
YVRC_at,0
YVRD_at,0
YVRE_at,0
YVRG_at,0
YVRH_at,0
YVRI_at,0
YVRK_at,0
YVRL_at,0
YVRN_at,0
YVRO_at,0
YVRP_at,0
YVSG_at,0
YVSH_at,0
YVTA_at,0
YVYC_at,0
YVYD_at,0
YVYE_at,0
YVYF_at,0
YVYG_at,0
YVYH_at,0
YVZA_at,0
YVZB_at,0
YVZC_at,0
YVZD_at,0
YWAA_at,0
YWAB_at,0
YWAC_at,0
YWAD_at,0
YWAE_at,0
YWAF_at,0
YWBA_at,0
YWBB_at,0
YWBC_at,0
YWBD_at,0
YWBE_at,0
YWBF_at,0
YWBG_at,0
YWBH_at,0
YWBI_at,0
YWBL_at,0
YWBM_at,0
YWBN_at,0
YWBO_at,0
YWCA_at,0
YWCB_at,0
YWCC_at,0
YWCD_at,0
YWCE_at,0
YWCH_at,0
YWCI_at,0
YWCJ_at,0
YWDA_at,0
YWDC_at,0
YWDD_at,0
YWDE_at,0
YWDF_at,0
YWDH_at,0
YWDI_at,0
YWDJ_at,0
YWDK_at,0
YWDL_at,0
YWEA_at,0
YWFA_at,0
YWFB_at,0
YWFC_at,0
YWFD_at,0
YWFE_at,0
YWFF_at,0
YWFG_at,0
YWFH_at,0
YWFI_at,0
YWFK_at,0
YWFL_at,0
YWFM_at,0
YWFN_at,0
YWFO_at,0
YWGA_at,0
YWGB_at,0
YWHA_at,0
YWHB_at,0
YWHC_at,0
YWHD_at,0
YWHE_at,0
YWHH_at,0
YWHK_at,0
YWHL_at,0
YWHM_at,0
YWHN_at,0
YWHO_at,0
YWHP_at,0
YWHQ_at,0
YWHR_at,0
YWIA_at,0
YWIB_at,0
YWIC_at,0
YWID_at,0
YWIE_at,0
YWJA_at,0
YWJB_at,0
YWJC_at,0
YWJD_at,0
YWJE_at,0
YWJF_at,0
YWJG_at,0
YWJH_at,0
YWJI_at,0
YWKA_at,0
YWKB_at,0
YWKC_at,0
YWKD_at,0
YWKE_at,0
YWKF_at,0
YWLA_at,0
YWLB_at,0
YWLC_at,0
YWLD_at,0
YWLE_at,0
YWLF_at,0
YWLG_at,0
YWMA_at,0
YWMB_at,0
YWMC_at,0
YWMD_at,0
YWME_at,0
YWMF_at,0
YWNA_at,0
YWNB_at,0
YWNC_at,0
YWNE_at,0
YWNF_at,0
YWNG_at,0
YWNH_at,0
YWNJ_at,0
YWOA_at,0
YWOB_at,0
YWOC_at,0
YWOD_at,0
YWOE_at,0
YWOF_at,0
YWOG_at,0
YWOH_at,0
YWPB_at,0
YWPC_at,0
YWPD_at,0
YWPE_at,0
YWPF_at,0
YWPG_at,0
YWPH_at,0
YWPJ_at,0
YWQA_at,0
YWQB_at,0
YWQC_at,0
YWQD_at,0
YWQE_at,0
YWQF_at,0
YWQG_at,0
YWQH_at,0
YWQI_at,0
YWQJ_at,0
YWQK_at,0
YWQL_at,0
YWQM_at,0
YWQN_at,0
YWQO_at,0
YWRA_at,0
YWRB_at,0
YWRC_at,0
YWRD_at,0
YWRE_at,0
YWRF_at,0
YWRJ_at,0
YWRK_at,0
YWRO_at,0
YWSA_at,0
YWSB_at,0
YWSC_at,0
YWTA_at,0
YWTB_at,0
YWTC_at,0
YWTD_at,0
YWTE_at,0
YWTF_at,0
YWTG_at,0
YWZA_at,0
YWZB_at,0
YWZC_at,0
YXAA_at,0
YXAB_at,0
YXAC_at,0
YXAD_at,0
YXAF_at,0
YXAG_at,0
YXAH_at,0
YXAI_at,0
YXAJ_at,0
YXAL_at,0
YXAM_at,0
YXBA_at,0
YXBB_at,0
YXBC_at,0
YXBD_at,0
YXBF_at,0
YXBG_at,0
YXCA_at,0
YXCD_at,0
YXCE_at,0
YXDJ_at,0
YXDK_at,0
YXDL_at,0
YXDM_at,0
YXEA_at,0
YXEB_at,0
YXEC_at,0
YXED_at,0
YXEE_at,0
YXEF_at,0
YXEG_at,0
YXEH_at,0
YXEI_at,0
YXEJ_at,0
YXEK_at,0
YXEL_at,0
YXEM_at,0
YXEN_at,0
YXEO_at,0
YXEP_at,0
YXEQ_at,0
YXER_at,0
YXIA_at,0
YXIB_at,0
YXIC_at,0
YXID_at,0
YXIE_at,0
YXIF_at,0
YXIG_at,0
YXIH_at,0
YXII_at,0
YXIJ_at,0
YXIK_at,0
YXIL_at,0
YXIM_at,0
YXIO_at,0
YXIP_at,0
YXIQ_at,0
YXIS_at,0
YXIT_at,0
YXJA_at,0
YXJB_at,0
YXJC_at,0
YXJD_at,0
YXJE_at,0
YXJF_at,0
YXJG_at,0
YXJH_at,0
YXJI_at,0
YXJJ_at,0
YXJL_at,0
YXJM_at,0
YXJN_at,0
YXJO_at,0
YXKA_at,0
YXKC_at,0
YXKD_at,0
YXKF_at,0
YXKH_at,0
YXKI_at,0
YXKJ_at,0
YXKO_at,0
YXLA_at,0
YXLC_at,0
YXLD_at,0
YXLE_at,0
YXLF_at,0
YXLG_at,0
YXLH_at,0
YXLJ_at,0
YXNA_at,0
YXNB_at,0
YXXB_at,0
YXXD_i_at,0
YXXE_at,0
YXXF_at,0
YXXG_at,0
YXZC_at,0
YXZE_at,0
YXZF_at,0
YXZG_at,0
YYAA_at,0
YYAB_at,0
YYAC_at,0
YYAD_at,0
YYAE_at,0
YYAF_at,0
YYAH_at,0
YYAI_at,0
YYAJ_at,0
YYAK_at,0
YYAL_at,0
YYAM_at,0
YYAN_at,0
YYAO_at,0
YYAP_at,0
YYAQ_at,0
YYAR_at,0
YYAS_at,0
YYAT_at,0
YYBA_at,0
YYBB_at,0
YYBC_at,0
YYBD_at,0
YYBE_at,0
YYBF_at,0
YYBG_at,0
YYBH_at,0
YYBI_at,0
YYBJ_at,0
YYBK_at,0
YYBL_at,0
YYBM_at,0
YYBN_at,0
YYBO_at,0
YYBP_at,0
YYBQ_at,0
YYBR_at,0
YYBS_at,0
YYBT_at,0
YYCA_at,0
YYCB_at,0
YYCC_at,0
YYCD_at,0
YYCE_at,0
YYCF_at,0
YYCG_at,0
YYCH_at,0
YYCI_at,0
YYCJ_at,0
YYCN_at,0
YYCO_at,0
YYCP_at,0
YYCQ_at,0
YYCR_at,0
YYCS_at,0
YYDA_at,0
YYDB_at,0
YYDC_r_at,0
YYDD_at,0
YYDF_i_at,0
YYDG_at,0
YYDH_at,0
YYDI_at,0
YYDJ_at,0
YYDK_at,0
YYXA_at,0
YYZB_at,0
YYZE_at,0
zur_at,0
x,0
